Country Name,Country Code,2000,2001,2002,2003,2004,2005,2006,2007,2008,2009,2010,2011,2012,2013,2014,2015,2016,2017,2018,2019,2020,2021,2022
Aruba,ABW,1.8735,1.8965,1.9618,2.0441,2.2548,2.36,2.4698,2.6776,2.843,2.5538,2.4536,2.6379,2.6152,2.7278,2.7908,2.9629,2.9836,3.0924,3.2762,3.3958,2.4819,2.9294,3.2793
Africa Eastern and Southern,AFE,287.2017,260.9922,267.815,355.7164,442.6962,516.6611,580.2408,665.5987,713.5021,715.4853,849.4096,945.439,952.9985,962.4413,978.7438,898.3089,828.9612,973.0251,1012.2912,1009.7465,933.4072,1085.6049,1191.6386
Afghanistan,AFG,3.5214,2.8136,3.8257,4.5209,5.2249,6.2033,6.9718,9.7479,10.1093,12.4162,15.8567,17.8051,19.9073,20.1464,20.4971,19.1342,18.1166,18.7535,18.0532,18.7994,19.9559,14.26,14.4972
Africa Western and Central,AFW,142.1401,150.0585,179.3901,207.755,258.5667,317.0965,402.7242,471.5378,575.0595,515.474,606.2801,691.1875,748.1268,844.2026,903.9337,778.0221,700.0282,694.0513,777.8404,833.2889,797.2952,858.1145,893.6399
Angola,AGO,9.1296,8.9361,15.2856,17.8127,23.5521,36.9709,52.381,65.2664,88.5387,70.3072,83.7995,111.7897,128.0529,132.3391,135.9668,90.4964,52.7616,73.6902,79.4507,70.898,48.5016,66.5051,104.3997
Albania,ALB,3.5846,4.0591,4.515,5.8017,7.4066,8.2567,9.1505,11.1169,13.2585,12.3355,12.0865,12.9738,12.2465,12.797,13.2963,11.4702,11.9887,13.2583,15.3795,15.5851,15.2415,18.032,19.0172
Andorra,AND,1.4326,1.5483,1.7643,2.3669,2.9002,3.1611,3.4593,3.9576,4.1023,3.689,3.4499,3.6291,3.1887,3.1935,3.2717,2.7899,2.8966,3.0002,3.2184,3.1551,2.891,3.3246,3.3806
Arab World,ARB,763.4116,744.7285,746.6493,830.0765,987.316,1210.0804,1439.471,1674.641,2118.0711,1829.8496,2155.3453,2565.0194,2805.3842,2874.2756,2926.205,2568.6311,2524.1029,2598.4755,2907.3296,2949.355,2596.4226,3077.9065,3738.5845
United Arab Emirates,ARE,104.3374,103.3116,109.8162,124.3464,147.8244,180.6175,222.1165,257.9161,315.4746,253.5474,300.1891,360.8327,384.6101,400.2185,414.1054,370.2755,369.2553,390.5168,427.0494,417.9897,349.473,415.1788,502.7319
Argentina,ARG,284.2038,268.6968,97.724,127.587,164.6579,198.7371,232.5573,287.5305,361.558,332.9765,423.6274,530.1581,545.9824,552.0251,526.3197,594.7493,557.5323,643.6284,524.8199,447.7547,385.7405,486.5641,632.7901
Armenia,ARM,1.9116,2.1185,2.3763,2.8071,3.5766,4.9005,6.3845,9.2063,11.662,8.6479,9.2603,10.1421,10.6193,11.1215,11.6095,10.5533,10.5461,11.5275,12.4579,13.6193,12.6417,13.8789,19.5135
American Samoa,ASM,0.512,0.512,0.512,0.524,0.509,0.5,0.493,0.518,0.56,0.675,0.573,0.57,0.64,0.638,0.643,0.673,0.671,0.612,0.639,0.647,0.721,0.75,0.871
Antigua and Barbuda,ATG,0.901,0.8778,0.8981,0.9481,1.0263,1.1439,1.3037,1.4874,1.5576,1.3865,1.2983,1.2874,1.3647,1.3255,1.3787,1.4375,1.4896,1.5349,1.6615,1.7264,1.4116,1.6021,1.8666
Australia,AUS,416.1678,379.6293,395.7887,467.7391,614.66,695.6929,748.4176,855.0075,1056.1124,928.7621,1148.8382,1398.6106,1547.5323,1577.1233,1468.2654,1351.2964,1206.837,1325.5827,1427.809,1392.7238,1328.4141,1556.7358,1690.8582
Austria,AUT,196.1816,196.4772,212.8372,260.7798,299.2104,313.9523,333.906,386.7602,429.2344,399.2901,389.8278,428.9547,406.7505,426.5805,438.556,379.5461,393.6874,414.9261,452.5823,442.9836,434.3976,480.467,471.7736
Azerbaijan,AZE,5.2726,5.7076,6.2361,7.2764,8.6804,13.2454,20.9819,33.0494,48.8513,44.2924,52.9093,65.9528,69.6799,74.1606,75.2398,53.0762,37.867,40.8666,47.1125,48.1742,42.693,54.8254,78.8075
Burundi,BDI,0.8705,0.8768,0.8254,0.7847,0.9153,1.1171,1.2734,1.3562,1.6118,1.7815,2.0321,2.2358,2.3333,2.4516,2.7058,3.104,2.6445,2.7236,2.6672,2.5765,2.6497,2.7758,3.3387
Belgium,BEL,236.7925,236.7461,258.3836,318.0825,369.2147,385.7148,408.2598,470.9222,517.3281,485.0145,481.5565,527.1966,498.4144,524.097,537.9874,461.0448,474.2716,500.9088,542.6389,536.7263,529.6945,598.5224,593.6146
Benin,BEN,3.52,3.6662,4.1943,5.3493,6.1903,6.5677,7.0341,8.169,9.7877,9.7386,9.5353,10.6933,11.1414,12.5178,13.2845,11.3882,11.8211,12.7017,14.2624,14.3917,15.6867,17.6876,17.4254
Burkina Faso,BFA,2.9684,3.1904,3.6224,4.7408,5.4517,6.1464,6.5474,7.6257,9.4514,9.4507,10.1096,12.0803,12.561,13.4443,13.943,11.8322,12.8334,14.107,15.8901,16.0328,17.725,19.6975,18.8202
Bangladesh,BGD,53.3698,53.9913,54.7241,60.1589,65.1085,69.476,71.7957,79.6116,91.637,102.4752,115.2755,128.6075,133.3107,149.999,172.8866,195.1466,265.2245,293.7324,321.3628,351.2317,373.9794,416.2716,460.1317
Bulgaria,BGR,13.246,14.1834,16.403,21.145,26.1577,29.8687,34.3805,44.4313,54.4807,52.0238,50.6891,57.6813,54.2971,55.8193,57.0809,50.7659,53.9294,59.1676,66.2516,68.634,70.5507,84.4141,90.5092
Bahrain,BHR,9.0629,8.9762,9.5935,11.0748,13.1502,15.9687,18.5048,21.73,25.7109,22.9382,26.806,29.9147,31.9634,33.8233,34.7725,32.5233,33.8847,37.2048,39.568,40.4468,35.8376,40.8402,46.4582
"Bahamas, The",BHS,8.0765,8.3178,8.8812,8.8701,9.0553,9.8362,10.1672,10.6183,10.526,9.982,10.0958,10.0704,10.7204,10.4753,11.1391,11.8376,11.8809,12.4469,12.8192,13.277,10.3632,12.037,13.8968
Bosnia and Herzegovina,BIH,5.5678,5.8006,6.7282,8.4989,10.1565,11.2228,12.8648,15.7787,19.1128,17.6139,17.1763,18.6442,17.2267,18.1791,18.5587,16.4043,17.1169,18.3264,20.4841,20.4826,20.226,23.6727,24.5347
Belarus,BLR,12.7368,12.3548,14.5949,17.8254,23.1416,30.2101,36.9619,45.2757,60.7521,50.8732,57.2319,61.7624,65.6859,75.5276,78.8131,56.4548,47.7235,54.7254,60.031,64.4102,61.3717,69.6737,73.7752
Belize,BLZ,1.1389,1.1728,1.2446,1.3089,1.4008,1.475,1.5912,1.7071,1.7389,1.6885,1.7457,1.827,1.9094,2.0328,2.1383,2.193,2.2402,2.2663,2.2932,2.3883,2.0428,2.4206,2.8467
Bermuda,BMU,3.4802,3.6805,3.9372,4.1865,4.4847,4.8681,6.144,6.767,6.98,6.656,6.6345,6.3127,6.3782,6.4658,6.414,6.6545,6.8999,7.1423,7.226,7.4235,6.8874,7.29,7.8744
Bolivia,BOL,8.3979,8.1415,7.9055,8.0824,8.7735,9.5491,11.4518,13.1201,16.6743,17.34,19.6497,23.9632,27.0845,30.6593,32.9962,33.0002,33.9411,37.5086,40.2876,40.8953,36.6298,40.4061,44.0083
Brazil,BRA,655.4482,559.9836,509.7953,558.2337,669.2894,891.6338,1107.6265,1397.1145,1695.8551,1666.9964,2208.8377,2616.1562,2465.2278,2472.8195,2456.0437,1802.2122,1795.6935,2063.515,1916.9339,1873.2882,1476.1072,1670.6474,1951.9239
Barbados,BRB,3.0595,3.0545,3.1065,3.2095,3.4445,3.8195,4.2173,4.6758,4.7904,4.4668,5.1912,5.3422,5.2713,5.3612,5.366,5.2881,5.3308,5.5173,5.6299,5.7883,5.1683,5.2752,6.2573
Brunei Darussalam,BRN,6.571,6.0962,6.3331,7.1677,8.6192,10.5472,12.6446,13.432,15.9265,11.9129,13.7071,18.5248,19.0484,18.0941,17.0978,12.9303,11.4003,12.1282,13.5669,13.4692,12.0058,14.0065,16.6815
Bhutan,BTN,0.4607,0.4961,0.5593,0.6519,0.7353,0.8604,0.9429,1.2558,1.3175,1.3313,1.7089,1.9777,1.9734,1.9437,2.0891,2.1878,2.3575,2.5914,2.5833,2.7357,2.4576,2.7688,2.8982
Botswana,BWA,5.7883,5.4896,5.4389,7.5116,8.9575,9.9189,9.9192,10.5673,10.7308,10.1185,12.6373,15.1106,13.9075,14.2717,15.4701,13.5307,15.0826,16.1052,17.0319,16.7259,14.9603,18.7502,20.3212
Central African Republic,CAF,0.9168,0.9326,0.9961,1.1423,1.2724,1.3379,1.4619,1.6998,1.9934,2.0674,2.1426,2.438,2.5101,1.6915,1.8948,1.6958,1.825,2.0723,2.221,2.2213,2.3267,2.5165,2.3826
Canada,CAN,744.7734,738.9818,760.6493,895.5406,1026.6902,1173.1086,1319.2648,1468.8204,1552.9897,1374.6251,1617.3434,1793.3266,1828.3665,1846.5974,1805.7499,1556.5088,1527.9947,1649.2656,1725.3292,1743.7252,1655.6847,2022.3787,2190.4111
Central Europe and the Baltics,CEB,429.4127,469.5014,528.5248,634.2911,763.4905,885.7158,1001.3214,1264.2654,1530.2707,1289.2652,1319.4503,1458.17,1361.9029,1420.2287,1467.4565,1297.1476,1321.5656,1467.5052,1658.2152,1686.0421,1679.7703,1927.9401,1956.2743
Switzerland,CHE,279.216,286.5827,309.3014,362.0751,403.9129,418.2849,441.6347,490.7407,567.2678,554.2129,598.851,715.8881,686.4202,706.2349,726.5378,694.1182,687.8955,695.2008,725.5687,721.3691,741.9994,815.3093,828.5089
Channel Islands,CHI,6.4397,6.2329,6.6637,7.3322,8.5536,8.8273,9.6762,11.5146,10.3077,9.1008,8.9021,9.6493,9.4553,9.5942,10.5285,10.11,9.1693,9.1701,10.0262,10.0324,9.4398,11.157,11.3083
Chile,CHL,78.3398,71.5747,70.264,76.4926,99.076,122.2941,153.8435,172.4911,179.8946,171.7779,217.0512,251.3826,267.0248,277.395,259.561,242.4504,249.3449,276.1543,295.8576,278.2851,254.0422,315.3255,301.2266
China,CHN,1223.7549,1355.0366,1489.8217,1683.9033,1984.1966,2317.5513,2791.4985,3604.0558,4667.3464,5189.5771,6192.5649,7671.7572,8673.6647,9743.1242,10674.5332,11280.8148,11456.0241,12537.5591,14147.7658,14560.1671,14996.4142,18201.6987,18316.765
Cote d'Ivoire,CIV,16.5775,16.8105,18.0544,21.2518,23.5106,24.0369,25.2814,28.7601,34.0782,33.8868,34.9363,36.6937,36.3023,42.7602,48.843,45.815,48.4078,52.5123,58.5225,60.3829,63.0279,72.7946,70.9228
Cameroon,CMR,10.5666,10.9535,12.4173,15.9703,18.8262,19.5099,20.9105,23.9283,27.7151,27.933,27.5075,30.6309,30.1551,33.7286,36.3865,32.2102,33.8143,36.0985,39.9556,39.6678,40.7732,45.0119,44.3472
"Congo, Dem. Rep.",COD,19.088,7.4382,8.728,8.9376,10.2975,11.9645,14.4519,16.7371,19.7885,18.6484,21.5657,25.8397,29.3062,32.6797,35.909,37.9177,37.1348,38.0193,47.5682,51.7758,48.717,55.3285,65.8015
"Congo, Rep.",COG,3.2279,2.7967,3.0343,3.5037,4.657,6.65,8.0723,8.7827,11.6499,9.7233,13.1484,15.6554,17.6929,17.9587,17.9193,12.4348,10.9313,11.8345,14.7739,13.9766,11.4687,14.8257,15.817
Colombia,COL,99.8751,98.2006,97.9458,94.645,117.0924,145.6005,161.793,206.2295,242.5042,232.4687,286.4985,334.9661,370.6911,382.0937,381.2409,293.4924,282.7201,311.8669,334.1982,323.0317,270.3483,318.5246,345.6325
Comoros,COM,0.3511,0.3785,0.426,0.5469,0.6337,0.6538,0.6984,0.7957,0.9157,0.9053,0.908,1.0231,1.0158,1.1162,1.1496,0.966,1.0128,1.0774,1.1888,1.195,1.225,1.299,1.2795
Cabo Verde,CPV,0.5392,0.5631,0.6205,0.8133,0.9249,0.9722,1.1076,1.6496,1.9596,1.8523,1.8248,2.0468,1.9131,2.0289,2.0419,1.7499,1.8498,1.9967,2.2051,2.2522,1.8216,2.0518,2.247
Costa Rica,CRI,15.0136,15.9762,16.5788,17.2718,18.6106,20.0406,22.7155,26.8847,30.8017,30.7457,37.6586,42.7626,47.2317,50.9497,52.0164,56.4419,58.847,60.516,62.4202,64.4177,62.3956,64.9607,69.2436
Caribbean small states,CSS,25.6263,26.5054,27.7428,30.59,33.5985,38.2249,44.3266,49.7401,57.2968,47.914,52.5626,56.5027,59.9293,61.7565,63.8204,62.135,57.7299,59.5416,60.8932,61.9293,53.1806,61.9617,78.0546
Cuba,CUB,30.5654,31.6824,33.5905,35.9012,38.203,42.6438,48.8359,54.2629,56.3021,57.4815,59.563,68.99,73.141,77.148,80.6561,87.1328,91.3704,96.8506,100.05,103.4276,107.3518,107.3518,107.3518
Curacao,CUW,2.1205,2.1435,2.1608,2.2021,2.2372,2.3446,2.4576,2.5938,2.8335,2.8692,2.9513,2.9301,3.0128,3.0336,3.0594,3.0588,3.0247,3.0334,3.0464,3.0261,2.5343,2.7396,3.0752
Cayman Islands,CYM,4.2003,4.2003,4.2003,4.2003,4.2003,4.2003,4.2003,4.4663,4.5859,4.2817,4.1568,4.1861,4.291,4.4058,4.5629,4.7082,4.9093,5.1663,5.5302,5.9419,5.6554,6.06,6.6008
Cyprus,CYP,9.9858,10.3979,11.4202,14.5473,17.3206,18.4334,20.0728,23.9687,27.8446,26.0482,25.7999,27.6415,25.0474,23.9597,23.2259,19.9093,21.0465,22.9466,25.754,26.1967,25.5551,30.3726,30.9356
Czechia,CZE,62.1756,68.1353,82.6079,100.4359,120.1479,137.2642,156.2363,190.0407,236.5063,206.9719,211.1687,231.4294,210.3632,213.0244,210.9113,189.1077,198.1607,221.5636,251.9924,256.7942,251.1097,290.9727,301.8312
Germany,DEU,1966.9807,1966.3815,2102.3508,2534.7155,2852.3178,2893.3932,3046.3088,3484.0567,3808.786,3479.8008,3468.1543,3824.8286,3597.8965,3808.0863,3965.8007,3423.5685,3537.7841,3763.0923,4052.0084,3957.2081,3940.1425,4348.2974,4163.5964
Djibouti,DJI,0.5512,0.5724,0.5911,0.622,0.6661,0.7086,0.7689,0.8479,0.9991,1.0491,1.1286,1.2391,1.3536,2.0444,2.2206,2.4244,2.605,2.7626,2.9135,3.0889,3.1441,3.3928,3.5628
Dominica,DMA,0.3335,0.3775,0.3752,0.3733,0.3967,0.3915,0.4167,0.4447,0.48,0.5156,0.5199,0.5321,0.5204,0.5453,0.5723,0.5832,0.6127,0.5634,0.6282,0.6443,0.5289,0.5629,0.6231
Denmark,DNK,164.0438,164.8816,178.7882,218.4212,251.9862,265.1501,283.3862,320.2132,354.9795,322.6192,322.3456,344.3156,326.7926,344.631,352.8326,301.7589,312.1818,331.6106,355.2934,345.4015,355.631,408.3782,401.9456
Dominican Republic,DOM,24.3058,25.6018,27.1374,21.4032,22.3224,35.7776,37.8798,43.9655,48.0914,48.2238,53.8011,57.9483,60.5616,62.5554,67.0143,70.9668,75.5529,79.0703,84.9947,89.1461,78.5467,94.8507,113.4781
Algeria,DZA,54.7904,59.4134,61.5161,73.4823,91.9137,107.0466,123.0843,142.4827,180.3838,150.3173,177.7851,218.3319,227.1437,229.7014,238.9427,187.4939,180.7638,189.8809,194.5545,193.4597,164.8734,186.2312,225.6385
East Asia & Pacific (excluding high income),EAP,1748.622,1862.9367,2063.8656,2337.9043,2712.3691,3140.0991,3783.2815,4787.0597,6062.0228,6581.3585,8008.6179,9774.2637,10905.3424,12047.5168,13004.6943,13548.9104,13844.1228,15115.6255,16902.1062,17503.3628,17805.3617,21231.5497,21563.6231
Early-demographic dividend,EAR,3377.8841,3351.4224,3255.299,3621.7666,4208.5042,4895.9174,5597.8758,6627.2273,7456.8931,7174.5704,8714.219,9827.3872,10279.1919,10438.0336,10797.6215,10271.8317,10571.9696,11475.9296,11652.1115,11887.9041,11039.7125,12923.3313,14274.7651
East Asia & Pacific,EAS,8390.4008,7805.8155,7932.7445,8726.854,9788.6043,10444.7251,11076.4713,12387.5943,14296.876,14722.1655,17186.396,19920.5381,21319.77,21588.5738,22293.9482,22220.47,23005.487,24563.7435,26749.4136,27322.0782,27474.3384,31548.482,31135.9947
Europe & Central Asia (excluding high income),ECA,390.8089,335.21,390.0063,497.2987,640.0537,796.9009,927.0525,1167.6386,1397.4678,1165.2256,1379.5062,1568.875,1654.2274,1804.368,1731.8348,1509.3716,1449.0556,1494.7626,1468.1768,1498.3141,1437.142,1670.3405,1817.9933
Europe & Central Asia,ECS,10077.7281,10182.1578,11151.1465,13559.3487,15805.1648,16824.5406,18222.9187,21289.9115,23433.2498,20628.5428,21102.997,23416.3062,22544.7697,23559.0155,23897.5356,20583.3431,20511.7874,21766.1844,23306.9776,23032.7926,22287.6156,25513.8597,25700.8492
Ecuador,ECU,17.5395,23.1271,27.0542,30.9652,35.1949,40.2788,45.6908,49.8487,61.1394,60.095,68.1513,78.9866,87.735,96.5703,102.7178,97.2096,97.6714,104.4675,107.479,107.5958,95.8655,107.1791,116.1331
"Egypt, Arab Rep.",EGY,99.8385,96.6846,85.1461,80.2885,78.7825,89.6603,107.4261,130.4378,162.8182,189.147,218.9837,235.9897,279.1167,288.4341,305.5954,329.3666,332.4417,248.3628,262.5886,318.6788,383.8178,424.6718,476.7477
Euro area,EMU,6528.6288,6631.8994,7241.8628,8921.2281,10231.007,10611.8255,11288.3069,13000.3192,14296.3127,13084.3385,12786.0645,13810.1922,12786.7136,13358.7291,13683.2907,11828.5996,12124.5858,12839.8816,13868.0345,13587.0018,13266.8533,14918.54,14452.4076
Spain,ESP,598.1029,627.7987,708.9382,907.9632,1069.8294,1154.6676,1261.8467,1476.7463,1636.1154,1496.5876,1427.9891,1487.5687,1330.9948,1362.1869,1380.2446,1206.1648,1243.0157,1321.7541,1431.6428,1403.4964,1289.7838,1461.2449,1446.4981
Estonia,EST,5.6866,6.2502,7.3701,9.8766,12.1486,14.1095,17.0257,22.4503,24.3429,19.634,19.5244,23.3039,23.2374,25.451,27.0557,23.3118,24.561,27.4695,31.2226,31.8737,31.8208,37.2046,38.376
Ethiopia,ETH,8.2423,8.2313,7.8508,8.6237,10.1312,12.4011,15.2809,19.7076,27.0669,32.4374,29.9338,31.9528,43.3107,47.6483,55.6122,64.5893,74.2968,81.7709,84.2692,95.9126,107.6577,111.2619,126.7727
European Union,EUU,7288.4827,7407.6174,8100.4317,9956.8623,11449.1037,11954.3512,12768.3658,14789.4817,16365.0519,14846.0766,14643.0958,15876.3452,14733.6449,15399.9563,15764.8309,13655.1138,13990.6099,14870.1465,16092.1544,15809.2983,15505.7087,17498.523,16996.088
Fragile and conflict affected situations,FCS,466.3824,456.3993,445.3495,468.9555,596.5315,756.2996,946.8898,1159.6294,1482.1802,1343.0998,1594.536,1665.0053,1863.9479,1935.4752,2052.6883,1617.4022,1489.6794,1589.079,1735.5227,1842.8146,1676.5058,1787.068,1967.0155
Finland,FIN,125.9678,129.5197,140.361,171.6129,197.4583,204.8594,217.0441,256.3603,285.6987,253.4808,249.4296,275.1269,257.4434,270.268,273.4785,233.2107,238.7778,253.8461,273.8693,267.0148,270.0003,294.2232,280.2531
Fiji,FJI,1.6782,1.6525,1.8333,2.3005,2.7081,2.9804,3.0763,3.3783,3.5232,2.8706,3.1402,3.7794,3.972,4.19,4.8571,4.6825,4.9302,5.3535,5.5814,5.4444,4.4325,4.305,4.9695
France,FRA,1360.9591,1370.3767,1492.4278,1835.096,2109.7923,2192.1464,2317.8615,2655.8169,2926.8029,2700.0759,2646.23,2870.4086,2683.0071,2816.0776,2861.2361,2442.4835,2470.4076,2588.8683,2781.5763,2722.7935,2647.9261,2966.4337,2796.3022
Faroe Islands,FRO,1.0671,1.1603,1.2751,1.5019,1.7248,1.7597,2.0177,2.339,2.4899,2.2961,2.3318,2.5057,2.4272,2.6901,2.914,2.5739,2.8133,2.9801,3.1886,3.2664,3.2718,3.6647,3.5667
"Micronesia, Fed. Sts.",FSM,0.2333,0.241,0.2425,0.2454,0.2402,0.2503,0.2535,0.2568,0.2631,0.2803,0.2969,0.3113,0.3272,0.3172,0.3193,0.3165,0.325,0.359,0.392,0.394,0.3729,0.3916,0.416
Gabon,GAB,5.0805,5.0233,5.3355,6.5119,7.7702,9.5828,10.3276,12.4554,15.5713,12.1137,14.3726,18.2103,17.1705,17.5957,18.204,14.3831,14.0239,14.9295,16.8673,16.8744,15.3422,19.4449,20.4407
United Kingdom,GBR,1665.5349,1649.8273,1785.7299,2054.4229,2421.5251,2543.18,2708.4416,3090.5102,2929.4118,2412.84,2485.4826,2663.8058,2707.0897,2784.8535,3064.7082,2927.9111,2689.1066,2680.1481,2871.3403,2851.4072,2696.7784,3143.3231,3114.0425
Georgia,GEO,3.0575,3.2195,3.3958,3.9914,5.1254,6.4109,7.7453,10.1729,12.7951,10.7669,12.4269,15.4753,16.8944,17.5177,17.966,15.2238,15.4445,16.4731,17.9025,17.6383,16.0109,18.8531,24.9846
Ghana,GHA,4.9829,5.3149,6.1662,7.6327,8.8814,10.7446,20.885,24.8273,28.6794,26.0487,32.1977,39.3367,41.2717,62.8457,54.6785,49.4368,56.1442,60.3854,67.2594,68.3526,70.0082,79.5142,73.919
Guinea,GIN,4.3675,4.1255,4.3016,5.0252,5.3008,4.2825,4.22,6.2819,6.9642,6.7169,6.8535,6.7851,7.638,8.3766,8.7785,8.7942,8.596,10.3247,11.857,13.4429,14.0887,17.0691,19.9105
"Gambia, The",GMB,0.7829,0.6874,0.5782,0.487,0.9619,1.0277,1.0541,1.2797,1.5618,1.4501,1.5433,1.4097,1.415,1.3756,1.2295,1.3782,1.4846,1.5049,1.6707,1.8136,1.8122,2.0142,2.2047
Guinea-Bissau,GNB,0.3913,0.4126,0.4668,0.5536,0.5822,0.6398,0.6348,0.7532,0.9527,0.8902,0.9401,1.1571,1.0494,1.1097,1.1353,1.1524,1.2451,1.47,1.5541,1.5888,1.6836,1.8787,1.839
Equatorial Guinea,GNQ,1.046,1.4611,1.8067,2.4847,4.4108,8.2174,10.0865,13.0717,19.7499,15.0278,16.3144,21.3573,22.3883,21.9488,21.7655,13.1855,11.2408,12.2009,13.097,11.3641,9.8938,12.2159,13.6876
Greece,GRC,125.7602,132.0505,150.2538,196.9305,234.9796,242.3157,269.0734,314.227,351.1214,326.8291,296.4176,283.2281,238.8411,236.5563,233.9116,194.5674,193.0972,200.3811,213.2989,207.3056,191.363,218.3038,218.8806
Grenada,GRD,0.52,0.5204,0.5403,0.591,0.5991,0.6956,0.6987,0.7587,0.826,0.7713,0.771,0.7787,0.7999,0.8426,0.9115,0.997,1.0616,1.1257,1.1665,1.2135,1.0434,1.1228,1.2317
Greenland,GRL,1.068,1.0862,1.1691,1.5588,1.8225,1.8498,2.0131,2.2498,2.4991,2.53,2.5032,2.6845,2.6097,2.6849,2.8421,2.4991,2.7071,2.8516,3.0558,2.9973,3.0896,3.2936,3.1523
Guatemala,GTM,19.2889,18.4052,20.4442,21.5764,23.5773,26.7834,29.7442,33.5679,38.5037,37.1261,40.6766,46.876,49.5939,52.9964,57.8522,62.1861,66.0534,71.6538,73.3284,77.1723,77.7195,86.4555,95.6414
Guam,GUM,3.394,3.394,3.394,3.569,3.869,4.213,4.238,4.397,4.658,4.828,4.949,4.984,5.265,5.399,5.61,5.799,5.901,6.013,6.051,6.355,5.916,6.234,6.91
Guyana,GUY,0.7127,0.7122,0.7261,0.7431,0.7878,0.8249,2.3798,2.731,3.0252,3.1657,3.4329,3.6914,4.0631,4.1678,4.1277,4.2798,4.4827,4.7482,4.7876,5.1738,5.4713,8.0414,14.7184
High income,HIC,28067.1436,27844.2744,29059.4375,32620.1371,36440.1728,38693.5317,41070.8918,45194.8468,48449.5541,45064.1433,47467.5221,51685.0441,51861.3874,52613.3484,53498.565,49956.7475,50925.1451,53532.8326,56899.748,57469.4532,56044.9696,62927.7713,65248.6572
"Hong Kong SAR, China",HKG,171.6689,169.4043,166.3489,161.3856,169.0998,181.5693,193.5354,211.5969,219.2787,214.0478,228.6387,248.5136,262.6289,275.6969,291.46,309.3856,320.8603,341.2733,361.7311,363.0745,344.9431,368.9542,358.6795
Honduras,HND,7.1866,7.6512,7.8583,8.2304,8.8693,9.757,10.9175,12.3613,13.8817,14.5875,15.8393,17.7103,18.5286,18.4997,19.7565,20.9798,21.7176,23.1362,24.0678,24.8822,23.3522,28.1443,31.426
Heavily indebted poor countries (HIPC),HPC,181.3811,175.2297,190.1508,215.7185,250.2095,288.5252,338.6179,403.3247,479.4886,475.6978,516.644,573.0193,594.5386,665.1249,702.8836,675.1241,681.5825,732.4282,783.8516,811.9253,820.6783,914.4764,993.4802
Croatia,HRV,22.1344,23.0669,26.7577,35.2453,41.8363,45.0131,49.5902,59.2983,68.4788,62.3216,58.9817,62.9037,57.552,59.8524,59.6121,51.0052,52.6549,56.1862,61.6681,61.4676,57.9634,69.0068,71.1986
Haiti,HTI,6.8136,6.332,6.2058,5.0719,6.0874,7.0301,7.6387,9.2286,10.433,11.597,11.8593,13.0087,13.7089,14.9025,15.1469,14.8496,14.0693,15.0934,16.4039,15.0161,14.5082,20.8774,20.2536
Hungary,HUN,47.276,53.8001,67.6365,85.1905,104.0154,113.0982,115.6041,140.1233,158.2283,130.8074,131.8987,141.7128,128.4703,135.6461,141.1287,125.2441,128.9836,143.3351,161.1847,164.9367,158.4685,183.2827,177.5367
IBRD only,IBD,5885.6807,5971.1683,6063.2287,6810.8262,8112.6514,9688.3206,11492.2476,14275.7206,17129.0393,16627.617,20219.0382,23933.2659,25447.5346,26875.1239,27795.3474,26062.2192,26257.4985,28980.6708,30908.093,31581.8444,30426.3109,36134.7294,38173.3429
IDA & IBRD total,IBT,6403.9351,6483.7693,6615.5777,7433.8777,8842.9083,10537.528,12506.5751,15465.6255,18546.4526,18011.8452,21815.0977,25737.2542,27350.8258,28944.2703,30022.548,28230.0851,28416.0816,31255.537,33320.4723,34090.8187,32884.8657,38810.5762,41067.7715
IDA total,IDA,518.6622,512.8426,553.0102,623.8283,731.0268,849.828,1015.1551,1190.0173,1417.4132,1384.2281,1596.0595,1803.9883,1903.2912,2069.1465,2227.2006,2166.6623,2157.6108,2274.8057,2412.4445,2508.6267,2457.8304,2677.2832,2895.3095
IDA blend,IDB,244.3285,244.0051,267.6574,302.9854,365.1739,428.4063,526.7195,609.9162,714.8281,669.2084,780.6493,888.7001,983.0223,1071.4968,1164.5759,1104.8791,1035.7531,1064.7421,1125.3008,1153.2067,1087.1402,1187.1137,1279.3598
Indonesia,IDN,165.021,160.4469,195.6606,234.7725,256.8369,285.8686,364.5705,432.2167,510.2286,539.5801,755.0942,892.9691,917.8699,912.5241,890.8148,860.8542,931.8774,1015.6187,1042.2715,1119.0999,1059.0548,1186.5097,1319.1012
IDA only,IDX,274.8328,269.261,285.6781,321.1794,365.9542,421.4268,488.0083,579.8183,702.5851,715.0198,815.4102,915.2883,920.2689,997.6497,1062.6247,1061.7832,1121.8577,1210.0636,1287.1438,1355.4201,1370.6902,1490.1695,1615.9497
Isle of Man,IMN,1.6011,1.6687,1.891,2.2526,2.8022,3.0324,3.4227,4.4664,5.9288,5.4869,5.9204,6.5657,6.6902,7.0012,7.7085,7.0848,6.8464,6.9798,7.4916,7.315,6.6842,7.9312,7.4313
India,IND,468.3955,485.4401,514.9391,607.7007,709.1527,820.3838,940.2599,1216.7364,1198.8951,1341.888,1675.6155,1823.0518,1827.6376,1856.7215,2039.1265,2103.5884,2294.7969,2651.4743,2702.9296,2835.6063,2674.8516,3167.2706,3346.1073
Ireland,IRL,100.2076,109.3467,128.596,164.6708,194.3721,211.877,232.1806,270.0793,275.4475,236.4431,221.9856,241.3374,227.2709,243.3016,266.7872,302.3914,305.7331,348.5324,395.4612,407.1248,436.5555,531.3065,548.5703
"Iran, Islamic Rep.",IRN,109.5917,126.8788,128.6269,151.9112,187.7546,224.9704,265.6022,349.7366,406.0709,414.0591,487.0696,629.0823,644.0193,500.3998,462.2848,409.1917,459.0427,489.1687,398.8802,333.5191,262.1862,383.4362,394.3626
Iraq,IRQ,48.3643,36.1764,32.9285,21.9216,36.6337,50.0651,65.1471,88.8371,131.6144,111.6576,138.5167,185.7497,218.0025,234.6377,228.4157,166.7741,166.7436,187.2177,227.3675,233.6361,180.8988,209.6919,287.3722
Iceland,ISL,9.0257,8.2348,9.3184,11.4293,13.8253,16.853,17.4653,21.6525,18.0746,13.1544,13.7512,15.2216,14.7515,16.1251,17.8677,17.5172,20.7932,24.7283,26.2609,24.6813,21.63,25.7703,28.6965
Israel,ISR,136.5123,135.002,125.3323,131.4089,140.048,147.5199,158.9005,184.6812,221.2317,213.4032,239.679,268.095,263.5892,298.4781,315.0171,303.4694,321.941,358.4518,376.2991,400.6452,410.7684,489.8515,525.181
Italy,ITA,1149.6614,1172.0415,1281.7463,1582.93,1812.8088,1864.9823,1958.5637,2222.5241,2417.5084,2209.4843,2144.9363,2306.974,2097.9295,2153.2256,2173.2555,1845.428,1887.1112,1970.7209,2099.4353,2019.6068,1907.4811,2179.2078,2104.0676
Jamaica,JAM,9.0051,9.1947,9.719,9.4302,10.1747,11.2439,11.9302,12.7996,13.7094,12.1205,13.2205,14.4447,14.8071,14.2642,13.8992,14.1889,14.0771,14.809,15.7308,15.8308,13.8124,14.6576,17.0978
Jordan,JOR,8.4608,8.9758,9.5825,10.1956,11.4117,12.589,15.057,17.1104,22.6587,24.5379,27.1338,29.5241,31.6346,34.4544,36.8476,38.587,39.8926,41.6084,43.3709,44.503,43.7004,46.2961,48.765
Japan,JPN,4968.3591,4374.7117,4182.846,4519.5616,4893.116,4831.467,4601.6631,4579.7509,5106.6791,5289.4931,5759.0718,6233.1472,6272.363,5212.3282,4896.9944,4444.9307,5003.6776,4930.8374,5040.8809,5117.9939,5054.068,5039.1482,4262.4633
Kazakhstan,KAZ,18.292,22.1527,24.6366,30.8337,43.1516,57.1237,81.0039,104.8499,133.4416,115.3087,148.0473,192.6265,207.9986,236.6346,221.4156,184.3884,137.2783,166.8058,179.34,181.6672,171.0824,197.1123,225.4963
Kenya,KEN,12.7054,12.986,13.1477,14.9045,16.0953,18.7379,25.8255,31.9582,35.8952,42.3472,45.4056,46.8695,56.3967,61.6714,68.2858,70.1204,74.8151,82.0365,92.203,100.3784,100.6575,109.7037,114.449
Kyrgyz Republic,KGZ,1.3697,1.5251,1.6056,1.919,2.2115,2.4602,2.8342,3.8026,5.14,4.6901,4.7944,6.1978,6.6051,7.335,7.4681,6.6782,6.8131,7.7029,8.2711,9.3713,8.2705,9.2491,12.1349
Cambodia,KHM,3.6942,4.1457,4.5012,5.0467,5.8833,7.0663,8.3505,10.1279,12.1743,12.5029,13.8087,16.0326,17.8265,19.8071,22.0415,24.1742,26.5565,29.3557,33.1459,36.6854,34.8181,36.7902,39.9945
Kiribati,KIR,0.0749,0.0649,0.0747,0.0961,0.1041,0.1139,0.1123,0.1381,0.147,0.1402,0.1655,0.196,0.207,0.2017,0.2003,0.1916,0.2065,0.2229,0.2335,0.217,0.2209,0.2853,0.27
St. Kitts and Nevis,KNA,0.4217,0.4586,0.4811,0.4699,0.5069,0.5472,0.6444,0.6893,0.7777,0.7743,0.7787,0.8361,0.8246,0.8745,0.9521,0.9572,1.0068,1.057,1.0765,1.1079,0.8839,0.8586,0.9802
"Korea, Rep.",KOR,576.1794,547.6563,627.2469,702.7149,793.1756,934.9011,1053.2169,1172.6141,1047.339,943.9419,1143.6722,1253.2895,1278.0465,1370.633,1484.4885,1466.0389,1499.6798,1623.0742,1725.3735,1651.4229,1644.3128,1818.4321,1673.9165
Kuwait,KWT,37.7187,34.8896,38.1358,47.8746,59.4391,80.7986,101.5573,114.634,147.3797,105.9687,115.4162,154.0392,174.0477,174.1681,162.6505,114.5856,109.4067,120.6875,138.6463,140.8564,111.0455,148.3507,183.502
Latin America & Caribbean (excluding high income),LAC,1986.4867,1935.5014,1740.5494,1776.709,2025.1096,2450.4954,2858.4117,3374.7439,3900.6038,3612.4954,4518.7516,5277.6403,5250.5504,5385.6129,5405.172,4577.9651,4438.0128,4951.4809,4807.4924,4739.2665,3984.4273,4629.0993,5325.687
Lao PDR,LAO,1.7312,1.7686,1.7582,2.0233,2.3664,2.7356,3.455,4.2232,5.4464,5.8361,7.1318,8.7501,10.1928,11.9833,13.2792,14.4264,15.9125,17.0712,18.1416,18.7406,18.9818,18.8271,15.4688
Lebanon,LBN,17.2604,17.6498,19.1522,20.0829,21.1598,21.4973,22.0227,24.8274,29.1189,35.3996,38.4439,39.9271,44.0168,46.8801,48.0952,49.9293,51.1473,53.0277,54.9015,51.606,31.7121,23.1319,20.9924
Liberia,LBR,0.874,0.906,0.927,0.748,0.897,0.949,1.119,1.373,1.726,1.768,1.998,2.398,2.7916,3.1772,3.2257,3.2271,3.3984,3.3907,3.4228,3.3196,3.1761,3.513,4.001
Libya,LBY,38.271,34.1121,20.4819,26.2656,33.1223,47.3347,60.0942,68.033,86.7108,60.8086,75.3808,48.1693,92.5409,75.3511,57.3724,48.7175,49.9121,67.1575,76.686,69.2545,46.8543,35.218,43.2463
St. Lucia,LCA,0.9326,0.8926,0.9,0.9874,1.0667,1.1356,1.2683,1.3361,1.4377,1.4015,1.4824,1.5684,1.5982,1.6604,1.7492,1.8076,1.8685,1.9985,2.061,2.0953,1.4993,1.8672,2.3427
Latin America & Caribbean,LCN,2326.9497,2282.6057,2052.7761,2091.8911,2405.4587,2903.2114,3397.3099,3998.7437,4644.0695,4357.5169,5397.3875,6138.9438,6210.6132,6364.2122,6485.2014,5420.4408,5285.6911,5868.3416,5742.3721,5659.8438,4805.9214,5581.8143,6345.5875
Least developed countries: UN classification,LDC,224.1073,216.0215,236.2755,267.563,309.0626,366.2071,424.1083,508.4654,623.1708,617.2481,697.3926,795.8625,833.4588,905.9905,973.3139,934.5152,949.8873,1039.5963,1107.8815,1168.2441,1179.76,1288.3396,1445.2236
Low income,LIC,116.1878,109.2957,121.5575,135.9047,160.6001,193.4377,224.1524,270.7547,322.2327,314.7933,352.4446,383.594,350.4233,356.9756,376.071,359.7101,316.1099,327.2003,342.6873,356.9304,340.8512,370.63,427.9396
Liechtenstein,LIE,2.4839,2.4918,2.6886,3.0708,3.4544,3.6593,4.0001,4.6014,5.0815,4.5044,5.0823,5.7397,5.4561,6.3917,6.6575,6.2685,6.2373,6.4743,6.6926,6.4365,6.4059,7.9126,7.3782
Sri Lanka,LKA,16.3308,15.7498,16.5365,18.8818,20.6625,24.4058,28.2798,32.3502,40.7138,42.0662,58.6362,67.7533,70.4472,77.0006,82.5285,85.0903,88.0002,94.3694,94.45,88.9987,84.3356,88.5567,74.143
Lower middle income,LMC,1188.6896,1200.8446,1266.6642,1438.0618,1655.2595,1906.888,2232.8452,2731.6331,3020.4634,3149.6971,3791.5632,4230.8089,4470.6896,4726.6303,5105.1296,5098.4669,5312.048,5751.3927,6004.6192,6308.1077,6110.2549,6921.7163,7377.5589
Low & middle income,LMY,5670.0201,5680.8191,5793.3202,6485.9702,7611.5324,8989.3072,10584.0914,12999.0783,15436.5514,15480.1686,18829.7074,22178.3223,23579.3139,25037.8378,26210.9158,25441.229,25692.4803,28077.8991,29904.7463,30622.4772,29667.4883,34992.7709,36712.8533
Lesotho,LSO,0.8873,0.8257,0.7758,1.1578,1.5112,1.6823,1.8001,1.6821,1.7669,1.7409,2.2348,2.5794,2.4777,2.3671,2.4411,2.3597,2.1144,2.3067,2.5562,2.3907,2.0537,2.4121,2.355
Late-demographic dividend,LTE,3427.1276,3545.4547,3760.734,4286.5096,5151.7942,6210.7237,7495.7238,9444.8708,11749.7182,11368.0557,13673.5965,16657.3879,17828.1181,19224.2804,19987.237,18784.7321,18828.51,20875.187,22893.8119,23350.7356,22862.4131,27277.8695,28540.5128
Lithuania,LTU,11.5507,12.2608,14.2823,18.8092,22.7432,26.1052,30.1162,39.7292,47.8313,37.4944,36.6381,43.1865,42.7094,46.3037,48.3065,41.541,42.9707,47.7568,54.2618,55.1221,57.412,67.0373,71.0339
Luxembourg,LUX,21.2302,21.3875,23.6498,29.6673,35.0648,37.6723,42.9101,51.5874,58.8443,54.4673,56.214,61.6963,59.7764,65.2033,68.8048,60.0716,62.2169,65.7122,71.0856,69.872,73.6708,86.3868,80.8017
Latvia,LVA,7.7613,8.1909,9.249,11.2443,13.8271,16.3069,20.4349,29.4205,34.1352,25.6915,23.4683,26.5755,27.1161,29.1521,30.2772,26.3446,27.1171,29.3911,33.2479,33.0995,33.3799,38.1833,38.0147
"Macao SAR, China",MAC,6.7742,6.8603,7.3717,8.2465,10.6433,12.1601,14.8741,18.44,21.027,21.5878,28.2418,36.8459,43.1897,51.5366,54.9028,45.0482,45.0708,50.3839,55.1907,55.0823,25.3435,30.9693,24.9991
Morocco,MAR,43.0175,43.8315,47.0772,58.0294,66.1141,68.8527,75.8838,86.9479,101.8229,101.155,100.8653,110.0806,106.9374,115.7393,119.1308,110.4138,111.5729,118.5406,127.3411,128.9203,121.3536,142.0221,130.9519
Monaco,MCO,2.6545,2.6737,2.9196,3.5971,4.0436,4.2047,4.5868,5.8758,6.5029,5.4744,5.3676,6.0887,5.7427,6.5556,7.07,6.2648,6.4713,6.4303,7.1843,7.3835,6.7307,8.6232,8.8004
Moldova,MDA,1.2884,1.4807,1.6618,1.9809,2.5982,2.9883,3.4083,4.4012,6.0548,5.4394,6.975,8.4144,8.7091,9.4967,9.4021,7.7977,7.9809,9.5144,11.2524,11.7368,11.5307,13.6919,14.5253
Madagascar,MDG,4.6292,5.4383,5.3517,6.3725,5.0647,5.8593,6.3957,8.5246,10.7251,9.6169,9.9827,11.5518,11.579,12.4236,12.523,11.323,11.8486,13.1763,13.76,14.1047,13.0514,14.3547,15.3256
Maldives,MDV,0.6243,0.87,0.897,1.0521,1.2268,1.1634,1.5752,1.8684,2.2716,2.3453,2.5882,2.7744,2.8862,3.295,3.6974,4.1295,4.4099,4.8164,5.4043,5.7261,3.7126,5.2525,6.1771
"Middle East, North Africa, Afghanistan & Pakistan",MEA,1098.7579,1090.5456,1084.2798,1208.9177,1425.1618,1696.92,1984.6582,2340.8433,2889.9534,2605.611,3035.5696,3654.6654,3942.8749,3906.3277,3944.2952,3546.7191,3592.2032,3761.4337,4023.9745,3989.4832,3561.0198,4279.4594,4994.0477
Mexico,MEX,742.0613,796.0646,810.6661,765.55,819.4592,917.5719,1020.2651,1102.3556,1161.5535,943.4374,1105.4242,1229.0137,1255.1104,1327.4363,1364.5077,1213.2945,1112.2335,1190.7215,1256.3002,1304.1062,1121.0648,1316.5695,1466.4649
Marshall Islands,MHL,0.1148,0.1224,0.132,0.1311,0.1329,0.138,0.1432,0.1505,0.1466,0.1512,0.1611,0.1723,0.1807,0.1864,0.186,0.1837,0.2018,0.2137,0.22,0.2329,0.2418,0.2589,0.2534
Middle income,MIC,5555.8827,5572.9011,5674.1282,6352.6959,7454.125,8799.9983,10364.4577,12733.4411,15120.4633,15171.1184,18482.7204,21799.5749,23231.1638,24682.5174,25836.6964,25083.0494,25375.5507,27748.8871,29559.8383,30263.5748,29324.4783,34618.1289,36282.529
North Macedonia,MKD,3.7729,3.7096,4.0184,4.9463,5.6828,6.2586,6.8612,8.3365,9.9096,9.4017,9.4072,10.4946,9.7453,10.8177,11.3623,10.0645,10.6725,11.3071,12.6831,12.6063,12.361,14.0003,13.9324
Mali,MLI,2.9615,3.4683,3.9081,4.7141,7.1131,8.0099,8.8589,10.2892,12.2621,12.5921,13.1965,15.5068,14.892,15.7694,16.9434,15.5832,16.7438,18.3084,20.368,20.4774,20.6986,22.9992,22.3741
Malta,MLT,4.0368,4.0709,4.4551,5.4183,6.1041,6.3932,6.7498,7.9084,9.1354,8.7347,9.097,9.7894,9.6095,10.7968,11.888,11.3408,12.0258,14.1614,16.1538,16.3378,16.4099,19.7236,19.2392
Myanmar,MMR,8.9051,6.4778,6.7776,10.4671,10.5674,11.987,14.5026,20.1825,31.8626,36.9062,49.5408,59.9773,59.9378,60.2697,65.5314,59.6073,63.2984,66.053,67.8605,75.0651,79.0061,66.3453,62.253
"Middle East, North Africa, Afghanistan & Pakistan (excluding high income)",MNA,577.5554,580.4135,564.9117,624.7195,739.741,857.125,996.4692,1209.9965,1466.1495,1418.6684,1626.059,1906.0608,2052.8913,1930.4235,1919.785,1780.6594,1829.5494,1857.1894,1864.8523,1819.885,1649.2134,1915.7977,2132.298
Montenegro,MNE,0.9843,1.1599,1.2847,1.7077,2.0732,2.2572,2.7219,3.6807,4.5457,4.1593,4.143,4.5444,4.0875,4.4658,4.5939,4.0547,4.3769,4.8566,5.5069,5.5421,4.77,5.8614,6.2298
Mongolia,MNG,1.1369,1.268,1.3966,1.5953,1.9921,2.5235,3.4141,4.235,5.6232,4.5839,7.1895,10.4098,12.2928,12.5821,12.2265,11.6199,11.1814,11.4808,13.1781,14.2064,13.313,15.2864,17.1465
Northern Mariana Islands,MNP,1.284,1.284,1.284,1.239,1.21,1.061,0.99,0.938,0.939,0.795,0.799,0.729,0.746,0.772,0.832,0.91,1.23,1.56,1.301,1.179,0.866,0.914,1.096
Mozambique,MOZ,5.9307,5.6502,5.9508,6.5835,7.9373,8.8685,9.5098,10.8115,12.9203,12.2639,11.4119,14.6193,16.6881,17.1981,17.9782,16.209,12.0691,13.2646,15.0174,15.5128,14.2354,16.1681,18.8835
Mauritania,MRT,1.7795,1.7461,1.7771,2.0511,2.3625,2.936,3.9196,4.3462,5.2064,4.7146,5.6289,6.7646,6.7282,7.2231,6.5925,6.1669,6.3987,6.8001,7.4736,7.8948,8.2608,9.2225,9.558
Mauritius,MUS,4.7261,4.6758,4.9065,5.8949,6.6674,6.5761,7.0288,8.1502,9.9904,9.1288,10.0037,11.5184,11.6687,12.293,13.0741,12.0073,12.5942,13.7135,14.7357,14.4363,11.4081,11.4843,12.9078
Malawi,MWI,2.5373,2.498,5.0873,4.6698,5.0587,5.3204,5.8183,6.4512,7.7436,9.0099,10.1283,11.6481,8.7732,8.0316,8.8013,9.2195,7.9099,8.9435,9.8792,11.0519,11.7693,12.3781,12.4291
Malaysia,MYS,93.7897,92.7839,100.8455,110.2024,124.7495,143.5344,162.6923,193.5496,230.8116,202.2575,255.0176,297.9517,314.443,323.2762,338.0661,301.3553,301.256,319.1091,358.7888,365.1777,337.4562,373.7848,407.6058
North America,NAC,10999.2056,11324.5913,11693.6946,12356.1772,13248.3709,14217.1737,15140.9918,15949.8154,16329.8317,15859.3481,16672.9489,17399.3713,18088.7147,18733.7462,19420.3019,19858.1824,20339.8077,21268.51,22389.0712,23291.1306,23016.6771,25710.8398,28205.1785
Namibia,NAM,3.9222,3.5573,3.3492,4.9264,6.6092,7.2484,8.0018,8.8395,8.6074,8.9388,11.4314,12.5234,13.0421,12.0433,12.4354,11.3352,10.722,12.8952,13.682,12.5419,10.5837,12.4025,12.5694
New Caledonia,NCL,3.42,3.2977,3.7401,4.9154,5.895,6.2386,6.9792,8.8199,9.0676,8.7044,9.3644,10.3514,9.6592,10.1514,10.635,8.7382,8.7246,9.174,9.8964,9.4757,9.4546,10.0713,9.6233
Niger,NER,2.2418,2.4487,2.7822,3.3941,3.7604,4.3833,4.7564,5.7315,7.2976,7.3521,7.8512,8.773,9.4269,10.2249,10.8629,9.6839,10.3989,11.1851,12.8373,12.8896,13.7447,14.915,15.4339
Nigeria,NGA,69.1715,73.5578,95.0541,104.739,135.7647,175.6706,238.455,278.2608,339.4763,295.0088,366.9904,414.4667,463.971,520.1172,574.1838,493.0267,404.6491,375.7457,421.7393,474.5175,432.1989,440.8336,477.4034
Nicaragua,NIC,5.1096,5.3518,5.2237,5.3222,5.7929,6.3213,6.7637,7.4234,8.497,8.2987,8.7586,9.7743,10.532,10.983,11.8804,12.7567,13.2861,13.7859,13.0252,12.699,12.7264,14.209,15.6346
Netherlands,NLD,417.6493,432.5362,475.53,582.4356,661.2249,688.1337,737.594,853.4995,957.9016,878.9542,852.465,913.1407,845.689,883.9515,901.5565,775.7437,797.1639,848.2335,929.7336,928.903,932.5609,1054.4721,1046.5408
Norway,NOR,171.4572,174.2394,195.9149,229.3855,265.2687,309.9786,346.9152,402.6433,464.9176,387.9764,431.0521,501.3605,512.7773,526.0145,501.7365,388.1595,370.9565,401.7453,439.7886,408.7428,367.6334,503.368,596.2977
Nepal,NPL,5.4943,6.0071,6.0509,6.3305,7.2739,8.1303,9.0437,10.3256,12.5454,12.855,16.0027,21.5739,21.7031,22.1622,22.7316,24.3608,24.5241,28.9716,33.1115,34.1862,33.4337,36.9248,41.1829
Nauru,NRU,0.0269,0.0226,0.021,0.0248,0.0306,0.0303,0.0292,0.0231,0.0372,0.044,0.0474,0.0654,0.1008,0.0944,0.0988,0.0844,0.0973,0.1089,0.1309,0.1249,0.1245,0.1755,0.1522
New Zealand,NZL,52.6233,53.8724,66.6277,88.2509,103.9052,114.7201,111.5388,137.1889,133.4371,121.6634,146.8879,168.4849,176.5607,191.0124,201.5184,178.2242,189.1001,206.746,211.9856,213.0063,213.0296,253.9779,249.51
OECD members,OED,27682.2113,27429.7391,28618.8976,32010.2336,35639.1379,37692.9134,39774.2834,43546.406,46243.3222,43268.6963,45385.664,48833.5776,48770.1024,49465.4867,50500.584,47637.3938,48561.3859,50713.6666,53633.7583,54181.5316,52999.809,59193.1392,60744.3157
Oman,OMN,22.2596,22.2057,23.0655,24.7337,28.3789,35.5069,42.5776,48.3004,69.8047,55.4541,64.9935,77.4975,87.4088,89.936,92.6991,78.7108,75.1287,80.8567,91.5059,88.0609,75.9095,87.3238,109.8528
Other small states,OSS,47.3861,47.5832,52.06,64.7317,76.8791,86.0693,95.681,115.0875,124.8371,107.679,112.5582,128.5673,125.5632,130.7532,135.0898,121.1404,127.7266,142.8231,157.5199,158.0825,145.6423,171.4659,181.5717
Pakistan,PAK,99.4848,97.1456,97.9233,112.3719,132.216,145.2086,161.8714,184.1409,202.2037,187.3378,196.7096,230.5866,250.107,258.6572,271.3905,299.9636,313.63,339.2055,356.1282,320.9095,300.4256,348.5166,374.8903
Panama,PAN,11.9665,12.2529,12.8009,13.6035,15.1002,16.6239,18.6597,21.7174,25.7213,27.7912,30.231,35.6877,41.5954,46.9495,51.4271,55.7678,59.7609,64.3277,67.3165,69.779,57.0598,67.3964,76.2761
Peru,PER,51.7447,52.0302,54.7776,58.731,66.7687,76.0606,88.6432,102.171,120.5506,120.823,147.5276,171.7617,192.65,201.1755,200.7863,189.803,191.8981,211.008,222.597,228.346,201.4097,226.3288,246.0656
Philippines,PHL,83.6698,78.9212,84.3073,87.0391,95.002,107.42,127.6529,155.9804,181.6246,175.9748,208.3689,234.2167,261.9205,283.9028,297.4836,306.4459,318.627,328.4807,346.8419,376.8234,361.7511,394.0874,404.3534
Palau,PLW,0.1495,0.1595,0.1627,0.1546,0.1664,0.191,0.1937,0.2009,0.2012,0.19,0.1882,0.1989,0.2158,0.2253,0.2432,0.2788,0.2983,0.2856,0.2885,0.2819,0.259,0.2358,0.2556
Papua New Guinea,PNG,3.5213,3.081,2.9995,3.5364,3.9272,4.8659,8.3549,9.545,11.6709,11.6195,14.2508,17.9851,21.2952,21.2613,23.2108,21.7234,20.7589,22.7427,24.1098,24.7506,23.8484,26.1094,31.6532
Poland,POL,172.9535,191.8232,199.6945,218.5612,256.2687,306.9999,345.8976,429.7151,535.612,440.8915,478.1116,527.8485,498.1486,518.1798,542.1342,480.0541,473.2596,528.3567,594.6166,602.6838,605.9142,689.1702,695.6075
Pre-demographic dividend,PRE,282.7128,268.9851,309.3844,337.059,421.4622,526.6608,661.8762,799.3447,996.3725,903.6545,1055.1685,1222.6533,1330.0584,1457.868,1544.1803,1313.6192,1170.2476,1222.292,1362.634,1435.7231,1318.8922,1447.9708,1658.4978
Puerto Rico (US),PRI,61.7018,69.2084,71.6235,74.8274,80.3223,83.9145,87.2762,89.5241,93.6393,96.3856,98.3813,100.3517,101.5648,102.45,102.4458,103.3755,104.3367,103.4455,100.9581,105.1264,103.1309,106.4266,113.8437
Portugal,PRT,118.6052,121.6041,134.7956,165.2262,189.3821,197.2539,208.7564,240.4961,263.4164,244.6678,238.4439,245.4268,216.5367,226.6774,230.0786,199.0385,206.3054,220.863,242.0929,240.116,229.6188,256.0559,256.8987
Paraguay,PRY,8.8557,8.4958,7.1963,7.6914,9.6244,10.7375,13.4294,17.8564,24.6153,22.3552,27.2609,33.7562,33.2719,38.5011,40.3779,36.2114,36.0897,38.9971,40.2254,37.9253,35.4322,39.9509,41.9529
West Bank and Gaza,PSE,4.3136,4.0037,3.5558,3.968,4.6031,5.1257,5.3483,5.8157,7.3104,8.0857,9.6815,11.1861,12.2084,13.5155,13.9897,13.9724,15.4054,16.128,16.2766,17.1335,15.5317,18.109,19.1655
Pacific island small states,PSS,3.4482,3.3918,3.5564,4.2399,4.8766,5.4132,5.6813,6.2599,6.7028,6.0428,6.6477,7.7553,8.2198,8.5476,9.2902,9.1035,9.549,10.2834,10.7928,10.7121,9.5154,9.5818,10.3284
Post-demographic dividend,PST,26410.4067,26157.0546,27285.1389,30595.352,34000.396,35785.9688,37659.7595,41105.3682,43545.0886,41008.6567,42771.558,45955.0306,45868.3017,46369.3093,47311.5552,44758.4264,45785.3801,47756.4024,50599.1567,51135.2095,50140.342,55855.0825,57128.6802
French Polynesia,PYF,3.5998,3.5738,3.9654,4.9278,5.5641,5.7051,5.878,6.6312,7.1367,6.5846,6.0866,6.2039,5.6929,6.0318,6.152,5.3258,5.497,5.8334,6.1351,6.0223,5.5748,6.1506,5.8147
Qatar,QAT,17.7599,17.5385,19.3637,23.5338,31.7341,44.5305,60.8821,79.7121,115.2701,97.7984,125.1223,167.7753,186.8335,198.7276,206.2246,161.74,151.7322,161.0991,183.335,176.3713,144.4114,179.732,235.7093
Romania,ROU,37.2537,40.3951,46.0655,57.8064,74.9737,98.4544,122.0237,174.5888,214.3159,174.1105,170.0644,192.624,179.1173,189.7986,199.7223,177.8851,185.2908,210.1474,243.4687,251.6771,252.0338,286.5782,296.3544
Russian Federation,RUS,259.7101,306.6021,345.4705,430.3474,591.0167,764.016,989.9321,1299.7035,1660.8481,1222.6459,1524.9167,2045.9228,2208.2936,2292.4701,2059.2416,1363.4822,1276.7864,1574.1994,1657.3288,1693.115,1493.0759,1829.1867,2291.6121
Rwanda,RWA,2.0688,1.9666,1.966,2.1382,2.3765,2.9338,3.3198,4.0705,5.1799,5.6745,6.1248,6.8849,7.6548,7.82,8.239,8.5438,8.6953,9.2528,9.6379,10.3493,10.1744,11.0788,13.3162
South Asia,SAS,544.6754,562.5544,593.707,694.7759,804.1599,924.4196,1051.8972,1342.1481,1347.3806,1502.961,1869.8269,2045.7385,2057.9582,2111.122,2323.0597,2414.5034,2679.3132,3075.9554,3159.8416,3318.4846,3172.7705,3717.0451,3930.6403
Saudi Arabia,SAU,189.5149,184.1376,189.6059,215.8077,258.7421,328.4596,376.9001,415.9645,519.7968,429.0979,528.2075,680.6608,751.9213,769.7557,787.1531,693.4144,689.2795,741.2661,886.5648,888.8901,767.9512,982.6611,1239.0752
Sudan,SDN,12.2573,15.7164,18.1371,21.3553,26.646,35.1827,45.2638,59.4401,64.8331,51.621,58.963,55.0186,37.6329,43.024,49.5167,51.7268,42.6304,41.2836,32.3338,32.3381,27.0346,34.2295,51.6669
Senegal,SEN,6.0132,6.5078,7.0064,8.7687,10.0768,11.009,11.6979,13.9942,16.854,16.1459,16.1213,17.8143,17.6609,18.9187,19.7973,17.7748,19.0403,20.9966,23.1167,23.404,24.5305,27.5208,27.7833
Singapore,SGP,96.0765,89.7938,92.5384,97.6464,115.0336,127.8078,148.6273,180.9417,193.6173,194.1503,239.808,279.3565,295.0929,307.5764,314.8636,307.9985,319.6465,343.6733,377.1237,376.162,349.1659,436.5914,509.0178
Solomon Islands,SLB,0.4198,0.4095,0.3464,0.4177,0.468,0.5529,0.6173,0.6953,0.7763,0.8056,0.8981,1.0639,1.1852,1.2859,1.3356,1.3079,1.3795,1.4698,1.6155,1.6192,1.5361,1.5228,1.5664
Sierra Leone,SLE,0.6359,1.6815,1.9339,2.1426,2.2374,2.5453,3.2637,3.633,4.1579,3.9534,4.2628,4.8616,6.1417,7.5028,7.6861,6.7884,6.0843,5.7498,6.3905,6.5262,6.6939,7.1734,7.1245
El Salvador,SLV,11.7849,12.2825,12.6642,13.2439,13.7248,14.698,15.9999,17.0118,17.9869,17.6016,18.4479,20.2838,21.3862,21.991,22.5935,23.4382,24.1914,24.9792,26.0208,26.8811,24.9212,29.0431,31.8701
San Marino,SMR,1.0077,1.0595,1.1489,1.4626,1.7153,1.7865,1.9098,2.1887,2.4032,2.0643,1.8812,1.8137,1.6047,1.6787,1.6739,1.4194,1.4683,1.5286,1.6554,1.6162,1.5447,1.8554,1.8317
"Somalia, Fed. Rep.",SOM,3.4128,2.2528,2.1927,2.8367,3.8596,4.6832,5.0267,5.4307,5.9136,2.9486,2.6878,2.906,4.3647,5.0629,5.7284,6.1521,6.6137,7.6215,7.8734,8.655,8.6284,9.484,10.2028
Serbia,SRB,7.3264,13.5994,17.9306,23.593,26.8456,28.3343,33.2981,44.888,54.2206,46.956,43.5366,51.2511,45.1033,50.4555,49.1143,41.2974,42.2255,45.9728,52.7875,53.8647,55.874,66.1599,66.7976
Sub-Saharan Africa (excluding high income),SSA,419.4273,401.4675,438.208,553.2266,689.1633,819.2969,965.918,1115.6546,1260.5151,1197.6711,1424.7743,1603.6148,1656.7252,1757.6624,1825.6776,1610.3092,1453.1241,1583.6302,1704.0781,1745.2541,1621.6621,1830.9703,1956.4875
Sub-Saharan Africa,SSF,428.3189,410.3604,446.7877,562.5675,700.1381,832.6204,982.2216,1136.3933,1288.5616,1230.9594,1455.6897,1636.6265,1701.1253,1806.6439,1882.6774,1676.3309,1528.9893,1667.0765,1790.1316,1843.0354,1730.7024,1943.7194,2085.2786
Small states,SST,76.4605,77.4805,83.3591,99.5616,115.3542,129.7075,145.6888,171.0875,188.8366,161.6358,171.7685,192.8253,193.7123,201.0572,208.2004,192.3789,195.0055,212.6481,229.206,230.7239,208.3383,243.0094,269.9546
Sao Tome and Principe,STP,0.0762,0.076,0.0852,0.1021,0.1146,0.1365,0.1428,0.1491,0.188,0.2007,0.19,0.2265,0.2294,0.267,0.2931,0.26,0.2923,0.322,0.3837,0.413,0.4712,0.5244,0.5408
Suriname,SUR,0.9477,0.8343,1.0936,1.2742,1.4841,1.7934,2.6264,2.9366,3.533,3.8754,4.3684,4.4223,4.98,5.1458,5.2406,5.1262,3.3174,3.5917,3.9962,4.016,2.9118,3.1079,3.7916
Slovak Republic,SVK,29.2157,30.7267,35.2437,46.6161,57.2155,62.5478,70.7518,86.5877,100.8301,89.343,91.1122,99.7051,94.7244,99.1343,101.7131,89.1785,90.3472,95.9781,106.6117,105.8435,107.7326,120.5609,115.8843
Slovenia,SVN,20.1592,20.6689,23.2146,29.3606,34.1566,35.9479,39.2604,47.8803,55.5093,49.9755,47.7931,51.1992,46.1671,47.8671,49.5145,42.7095,44.2907,48.1532,53.6891,53.9099,53.3848,61.5293,59.9277
Sweden,SWE,262.9052,242.4992,267.3733,334.0741,384.5472,391.6903,422.5304,490.0502,514.6165,434.3138,492.7533,570.5414,549.7422,584.1281,577.7302,501.6983,514.2182,536.0839,551.3125,532.1693,545.1476,637.1869,579.8957
Eswatini,SWZ,1.7381,1.5425,1.4322,2.1976,2.7701,3.1781,3.2913,3.4694,3.2941,3.5804,4.4388,4.8205,4.8866,4.4647,4.286,3.9093,3.7242,4.4637,4.6447,4.617,4.1206,4.7857,4.7412
Sint Maarten (Dutch part),SXM,0.855,0.855,0.855,0.855,0.855,0.855,0.855,0.855,0.855,0.855,0.8923,0.9361,0.9859,1.0229,1.3618,1.4179,1.427,1.3532,1.2592,1.4079,1.2364,1.3531,1.5371
Seychelles,SYC,0.6542,0.6621,0.7421,0.7508,0.893,0.9779,1.0814,1.0773,0.9796,0.8509,0.9816,1.0589,1.0894,1.3332,1.3876,1.4324,1.5685,1.6754,1.7843,1.8687,1.3826,1.4872,2.0183
Syrian Arab Republic,SYR,18.9371,20.237,20.6694,21.8281,25.087,28.859,33.7518,40.4653,52.5579,54.1117,61.3908,67.5394,43.1903,21.3613,21.5021,16.4669,12.5979,16.3698,21.4978,22.583,12.0478,14.3532,23.6228
Turks and Caicos Islands,TCA,0.3587,0.3587,0.3667,0.4098,0.4856,0.5786,0.7219,0.7735,0.8627,0.7032,0.6868,0.7288,0.7272,0.7542,0.8417,0.9421,1.0325,1.0224,1.3143,1.3718,0.9184,1.2365,1.4341
Chad,TCD,1.3885,1.7108,1.997,2.7428,4.4229,8.6559,9.7096,10.8654,13.3856,12.3176,14.0585,16.6853,17.8922,17.8653,18.1443,14.5596,13.0263,13.349,15.327,14.9055,14.9329,16.8719,17.8285
East Asia & Pacific (IDA & IBRD countries),TEA,1746.6039,1860.7808,2061.4591,2335.1495,2709.1621,3136.3796,3778.7563,4781.2759,6054.6533,6573.3329,7998.8026,9762.2613,10891.9726,12032.7168,12988.7152,13532.2696,13827.1439,15097.0498,16881.3135,17481.8027,17783.3994,21205.3152,21536.9684
Europe & Central Asia (IDA & IBRD countries),TEC,895.8385,911.2389,1024.3015,1260.2211,1630.082,2040.9883,2468.6932,3175.2312,3931.2032,3117.219,3662.2697,4455.8553,4651.636,4920.4881,4649.6259,3632.5642,3490.9766,3922.8199,4091.5106,4175.8916,3916.6798,4628.6966,5263.2752
Togo,TGO,2.1068,2.0935,2.4102,2.988,3.1916,3.2219,3.3209,3.76,4.5788,4.7219,4.7464,5.4224,5.4135,6.0217,6.3933,5.7555,6.0712,6.3874,7.0293,6.9927,7.4003,8.3422,8.1695
Thailand,THA,126.3922,120.2965,134.3009,152.2806,172.8957,189.3184,221.7583,262.9426,291.383,281.7106,341.1048,370.8187,397.5583,420.3337,407.339,401.2962,413.3663,456.3568,506.7542,543.9767,500.4619,506.1947,495.6447
Tajikistan,TJK,0.8605,1.0808,1.2211,1.5553,2.0762,2.3124,2.8302,3.7195,5.1613,4.9795,5.6422,6.5228,7.633,8.4484,9.1126,8.2714,6.9924,7.5364,7.765,8.3008,8.134,8.9378,10.7135
Turkmenistan,TKM,2.9047,3.5348,4.462,5.9774,6.8384,8.1039,10.2767,12.6642,19.2715,20.2144,22.5832,29.2333,35.1642,39.1975,43.5242,35.7997,36.1694,37.9263,40.7654,45.2329,45.818,50.0074,58.972
Latin America & the Caribbean (IDA & IBRD countries),TLA,2214.4601,2161.3605,1927.3228,1960.5179,2264.877,2752.0045,3234.9281,3826.961,4465.8148,4176.7901,5212.1313,5941.8978,6007.4508,6156.3916,6272.6745,5196.8156,5055.9411,5633.5971,5505.3968,5413.3865,4561.7563,5313.3061,6048.4734
Timor-Leste,TLS,0.3669,0.4774,0.4695,0.4904,0.4408,0.4623,0.4538,0.5428,0.6485,0.7269,0.8819,1.0425,1.1606,1.3957,1.4475,1.5903,1.6405,1.5849,1.556,2.0326,2.1626,3.6249,3.2086
"Middle East, North Africa, Afghanistan & Pakistan (IDA & IBRD)",TMN,573.2418,576.4098,561.3559,620.7515,735.1379,851.9993,991.1209,1204.1808,1458.8391,1410.5827,1616.3775,1894.8747,2040.6829,1916.908,1905.7953,1766.687,1814.144,1841.0614,1848.5757,1802.7515,1633.6817,1897.6887,2113.1325
Tonga,TON,0.2048,0.1811,0.1828,0.2022,0.2307,0.2618,0.2922,0.2985,0.3444,0.3124,0.3669,0.4141,0.4711,0.4518,0.441,0.4375,0.4208,0.46,0.4897,0.4942,0.4969,0.5182,0.5182
South Asia (IDA & IBRD),TSA,544.6754,562.5544,593.707,694.7759,804.1599,924.4196,1051.8972,1342.1481,1347.3806,1502.961,1869.8269,2045.7385,2057.9582,2111.122,2323.0597,2414.5034,2679.3132,3075.9554,3159.8416,3318.4846,3172.7705,3717.0451,3930.6403
Sub-Saharan Africa (IDA & IBRD countries),TSS,428.3189,410.3604,446.7877,562.5675,700.1381,832.6204,982.2216,1136.3933,1288.5616,1230.9594,1455.6897,1636.6265,1701.1253,1806.6439,1882.6774,1676.3309,1528.9893,1667.0765,1790.1316,1843.0354,1730.7024,1943.7194,2085.2786
Trinidad and Tobago,TTO,8.1543,8.8248,9.0083,11.3055,13.2803,15.9824,18.3694,21.6416,27.8716,19.1722,22.1579,25.433,27.1473,28.5605,29.4742,26.8411,23.6243,23.8478,23.8889,23.588,20.9913,24.1773,28.5103
Tunisia,TUN,21.4735,22.0658,23.1416,27.4539,31.1839,32.2722,34.3767,38.9154,44.8594,43.4557,46.2061,48.1233,47.3114,48.6854,50.2718,45.7795,44.3601,42.1635,42.6865,41.9056,42.4918,47.0732,44.9488
Turkiye,TUR,274.2946,201.7531,240.2491,314.5956,408.8654,506.3147,557.0762,681.3211,770.4491,649.2893,776.9673,838.7853,880.5559,957.7991,938.9346,864.3138,869.6829,858.9885,778.9721,761.0059,720.3385,819.8652,907.1184
Tuvalu,TUV,0.0151,0.014,0.0168,0.0195,0.0228,0.0229,0.0241,0.0285,0.0319,0.0281,0.0321,0.0392,0.0393,0.0386,0.0388,0.0368,0.0416,0.0453,0.048,0.0541,0.0517,0.0602,0.0591
Tanzania,TZA,13.3718,13.564,14.1297,15.2115,16.6731,18.3954,18.6199,21.8604,27.9478,29.4006,32.0129,34.6571,39.6504,45.6489,49.9867,47.4139,49.7744,53.2749,57.0037,61.0267,66.0687,70.6556,75.77
Uganda,UGA,6.1932,5.8405,6.1786,6.6069,7.9395,9.2392,9.9776,11.9026,14.4404,25.1278,26.6734,27.8717,27.3059,28.9158,32.6124,32.3872,29.204,30.7445,32.927,35.3531,37.6004,40.5298,45.5653
Ukraine,UKR,32.3751,39.3096,43.9562,52.0104,67.2202,89.2389,111.8848,148.7339,188.1104,121.5522,141.2092,169.3338,182.5918,190.4988,133.5039,91.031,93.3559,112.0905,130.8911,153.883,156.6177,199.7659,161.9895
Upper middle income,UMC,4367.1593,4372.0189,4407.4069,4914.5617,5798.7942,6893.0465,8131.5429,10001.7274,12099.9999,12021.4213,14691.1572,17568.766,18760.4742,19955.8871,20731.5669,19984.5825,20063.5027,21997.4944,23555.2191,23955.4671,23214.2233,27697.7671,28905.8181
Uruguay,URY,22.8233,20.8988,13.6065,12.0456,13.6863,17.3629,19.7414,23.7978,31.1196,32.7083,41.9504,50.3424,54.2323,61.3376,61.4962,57.6803,57.4808,65.006,65.3446,62.2223,53.5594,60.7391,70.5941
United States,USA,10250.952,10581.929,10929.108,11456.45,12217.196,13039.197,13815.583,14474.228,14769.862,14478.067,15048.971,15599.732,16253.97,16880.683,17608.138,18295.019,18804.913,19612.102,20656.516,21539.982,21354.105,23681.171,26006.893
Uzbekistan,UZB,13.7605,11.4014,9.6878,10.1345,12.03,14.3075,17.3308,22.3114,29.5494,33.6892,49.7657,60.1789,67.5173,73.18,80.8454,86.1963,86.1383,69.7032,58.6959,67.2936,66.4433,77.3401,90.0959
St. Vincent and the Grenadines,VCT,0.4279,0.4621,0.4878,0.5091,0.5499,0.5799,0.6435,0.7136,0.7327,0.7143,0.7204,0.7138,0.73,0.7648,0.7709,0.7866,0.8143,0.844,0.8843,0.9105,0.8646,0.8887,0.9892
"Venezuela, RB",VEN,117.1465,122.911,92.8936,83.6206,112.4514,145.5135,183.4775,230.364,315.9534,329.7876,393.1924,316.4822,381.2862,371.0054,482.3593,482.3593,482.3593,482.3593,482.3593,482.3593,482.3593,482.3593,482.3593
Virgin Islands (U.S.),VIR,3.262,3.262,3.262,3.443,3.797,4.428,4.484,4.784,4.244,4.201,4.324,4.223,4.089,3.738,3.565,3.663,3.798,3.794,3.923,4.121,4.229,4.507,4.672
Viet Nam,VNM,31.1725,32.6852,35.0641,39.5525,45.4279,57.6333,66.3717,77.4144,99.1303,106.0147,147.2012,172.595,195.5907,213.7088,233.4515,239.2583,257.096,281.3536,310.1065,334.3653,346.6157,366.4748,413.4452
Vanuatu,VUT,0.272,0.2579,0.2626,0.3145,0.365,0.395,0.4394,0.5164,0.5907,0.5926,0.6707,0.7702,0.7478,0.7583,0.7737,0.7597,0.8043,0.88,0.9147,0.9365,0.9094,0.9824,1.0307
World,WLD,33868.7137,33662.2932,34959.9423,39205.5916,44181.8971,47847.6352,51859.6685,58448.6144,64232.2928,60909.2199,66722.149,74213.0356,75866.007,78070.0948,80247.4276,75723.6353,76957.3454,81974.7957,87188.9874,88492.3895,86116.5676,98365.7455,102434.8862
Samoa,WSM,0.2589,0.2663,0.2818,0.3334,0.4077,0.4768,0.4999,0.5735,0.6413,0.628,0.6803,0.7441,0.7731,0.7977,0.7967,0.8242,0.8439,0.8848,0.8784,0.913,0.8689,0.8439,0.8329
Kosovo,XKX,5.1818,5.1818,5.1818,5.1818,5.1818,5.1818,5.1818,5.1818,5.1818,5.0159,5.344,6.3416,6.1635,6.7353,7.0744,6.2958,6.6827,7.1808,7.8788,7.8997,7.7171,9.4134,9.3549
"Yemen, Rep.",YEM,9.6793,9.853,10.6934,11.7775,13.8676,16.7316,19.0631,21.6505,26.9109,25.1303,30.9067,32.7264,35.4013,40.4152,43.2286,42.4445,31.3178,26.8422,21.6062,21.6062,21.6062,21.6062,21.6062
South Africa,ZAF,151.7528,135.4299,129.0876,197.019,255.8069,288.8672,303.8587,333.0771,316.1313,329.7541,417.3638,458.1995,434.4005,400.886,381.1989,346.7098,323.5855,381.4488,405.2607,389.33,337.9747,420.8869,406.92
Zambia,ZMB,3.6006,4.0944,4.1939,4.9019,6.2211,8.3319,12.7569,14.057,17.9109,15.3283,20.2656,23.4595,25.5031,28.0372,27.141,21.2512,20.9584,25.8736,26.3115,23.3087,18.1378,22.0964,29.1638
Zimbabwe,ZWE,6.69,6.7774,6.3421,5.7276,5.8056,5.7552,5.4439,5.292,4.4157,9.6658,12.0416,14.1018,17.1148,19.091,19.4955,19.9631,20.5488,51.0747,34.1561,25.7157,26.8686,27.2405,32.7897
