Country,Year,Predicted_Diabetes,Predicted_Obesity
Afghanistan,2030,8.476304648931322,14.843903775119525
Afghanistan,2031,8.476304648931322,14.843903775119525
Afghanistan,2032,8.465304400351238,11.866791037784651
Afghanistan,2033,8.420151360368884,10.98325600972503
Afghanistan,2034,8.420151360368884,10.98325600972503
Afghanistan,2035,8.551814785991489,10.931337780618058
Afghanistan,2036,8.982909183005761,10.849881619483256
Afghanistan,2037,8.982909183005761,10.715296438512292
Afghanistan,2038,8.939782893976016,10.39213350878978
Afghanistan,2039,9.10415580531433,10.948229152372972
Afghanistan,2040,9.131920027125783,12.281159245226299
Albania,2030,7.371427999774053,18.754544671508647
Albania,2031,7.371427999774053,18.6940164445705
Albania,2032,7.371427999774053,18.6940164445705
Albania,2033,7.371427999774053,18.6940164445705
Albania,2034,7.371427999774053,18.900213389920825
Albania,2035,7.371427999774053,19.065048150947085
Albania,2036,7.370509642434676,19.065048150947085
Albania,2037,7.370509642434676,19.19895031995742
Albania,2038,7.42748504430536,19.320967430036365
Albania,2039,7.42748504430536,19.143661708325382
Albania,2040,7.3943085314227215,19.368257103164673
Algeria,2030,6.793250910040808,19.595364480600736
Algeria,2031,6.826509811967295,19.595364480600736
Algeria,2032,7.293790782555371,19.595364480600736
Algeria,2033,7.264444909283909,19.764290539014382
Algeria,2034,7.146218715051039,19.461091255352585
Algeria,2035,7.224574282976581,20.366095683783698
Algeria,2036,7.042238952702605,20.198340883759613
Algeria,2037,7.100773578797539,20.198340883759613
Algeria,2038,7.816470621923075,20.198340883759613
Algeria,2039,8.000680647595262,20.103034223377488
Algeria,2040,8.000680647595262,19.95989537848298
Angola,2030,8.109545322885486,12.076171003453227
Angola,2031,8.102448663884417,12.076171003453227
Angola,2032,7.948805367728029,12.191816580873013
Angola,2033,7.948805367728029,11.469783498244178
Angola,2034,7.670901599295559,11.97636665534644
Angola,2035,7.5550328142715015,12.26463515259458
Angola,2036,7.5113951461638395,12.236101089363348
Angola,2037,7.196628697656458,11.971179924703549
Angola,2038,7.180831137596561,11.971179924703549
Angola,2039,7.180831137596561,11.98478949440556
Angola,2040,7.180831137596561,11.98478949440556
Antigua and Barbuda,2030,9.824017178435813,21.352274204604857
Antigua and Barbuda,2031,9.768630488639575,21.352274204604857
Antigua and Barbuda,2032,9.951214897782178,20.94217847349474
Antigua and Barbuda,2033,9.951214897782178,20.94217847349474
Antigua and Barbuda,2034,9.904554184662254,20.94217847349474
Antigua and Barbuda,2035,9.904554184662254,21.05308814762333
Antigua and Barbuda,2036,9.904554184662254,21.00833951182965
Antigua and Barbuda,2037,10.152977950094071,20.68496513695831
Antigua and Barbuda,2038,10.152977950094071,20.68496513695831
Antigua and Barbuda,2039,10.099876277289605,20.71324826451662
Antigua and Barbuda,2040,10.099876277289605,20.29038066156811
Argentina,2030,9.99213513508544,24.644128739330707
Argentina,2031,9.99213513508544,23.70492550928838
Argentina,2032,9.99213513508544,23.477502575091705
Argentina,2033,9.852545978922894,23.477502575091705
Argentina,2034,9.729448772839502,23.244662144348386
Argentina,2035,9.70881267551118,23.85375574054067
Argentina,2036,9.536290867029576,23.658424673108247
Argentina,2037,9.457004782327509,23.658424673108247
Argentina,2038,9.457004782327509,23.658424673108247
Argentina,2039,9.457004782327509,23.658424673108247
Argentina,2040,9.457004782327509,23.658424673108247
Armenia,2030,13.274100280793466,28.439984683495688
Armenia,2031,13.274100280793466,28.570153005668622
Armenia,2032,14.392174057493998,30.789169102797732
Armenia,2033,16.866067289107704,32.11698500681747
Armenia,2034,17.243624656519064,32.05929097675298
Armenia,2035,17.643367445802117,31.941458265612166
Armenia,2036,18.024925465888366,32.127103231897536
Armenia,2037,18.024925465888366,32.127103231897536
Armenia,2038,17.9963750770483,32.22281052586337
Armenia,2039,18.028675448649714,32.707500314559354
Armenia,2040,18.040990742469017,31.04744693295672
Australia,2030,6.9710682065593055,12.97485125232153
Australia,2031,6.9710682065593055,13.215370674447758
Australia,2032,6.9710682065593055,14.122059282540349
Australia,2033,6.9710682065593055,14.524268536411547
Australia,2034,6.990939104525543,14.457304186060673
Australia,2035,6.772233763033907,15.362640967769408
Australia,2036,6.772233763033907,15.778430153560139
Australia,2037,6.776179659862999,16.471681697184387
Australia,2038,6.776179659862999,16.570353486947358
Australia,2039,7.379293964253053,16.10029480697725
Australia,2040,7.8074926710742565,16.10029480697725
Austria,2030,6.705260784541636,14.177567083964988
Austria,2031,6.816212891501838,12.141685611858234
Austria,2032,6.816212891501838,11.991706460245789
Austria,2033,6.832485552623789,11.991706460245789
Austria,2034,6.832485552623789,11.72413978463872
Austria,2035,6.924803485875907,11.902741539111574
Austria,2036,6.924803485875907,11.902741539111574
Austria,2037,6.965131377910939,11.902741539111574
Austria,2038,7.132528722430507,11.963223019426339
Austria,2039,7.172307304378603,11.963223019426339
Austria,2040,7.172307304378603,12.26077692088639
Azerbaijan,2030,8.57223065421704,20.311874797880616
Azerbaijan,2031,8.612089451002772,20.311874797880616
Azerbaijan,2032,8.612089451002772,21.045558692540602
Azerbaijan,2033,8.661925842341992,20.88300074476133
Azerbaijan,2034,8.883562989419758,21.605823555238157
Azerbaijan,2035,8.724530426711864,23.220356931147307
Azerbaijan,2036,8.812191480187174,23.09047347051535
Azerbaijan,2037,8.812191480187174,23.09047347051535
Azerbaijan,2038,8.880558202833457,23.854925512298454
Azerbaijan,2039,8.881686396344422,23.53522823214495
Azerbaijan,2040,8.85385923309982,23.871285698727657
Bahamas,2030,10.919661093104747,28.117825660247313
Bahamas,2031,11.37057707836707,28.117825660247313
Bahamas,2032,11.22821189855049,27.87142887911486
Bahamas,2033,11.249681825629072,27.81287568221861
Bahamas,2034,11.249681825629072,26.644178522547282
Bahamas,2035,11.237561081153931,27.56682199540867
Bahamas,2036,10.692345008090697,27.56682199540867
Bahamas,2037,10.54097489168926,27.56682199540867
Bahamas,2038,10.54097489168926,27.788281339559962
Bahamas,2039,10.490474703069658,27.788281339559962
Bahamas,2040,10.490474703069658,27.788281339559962
Bangladesh,2030,7.005869724888124,4.109803995423245
Bangladesh,2031,6.601881749075511,4.109803995423245
Bangladesh,2032,6.601881749075511,4.109803995423245
Bangladesh,2033,6.545485621555801,4.043396427536367
Bangladesh,2034,6.5275653304748955,4.043396427536367
Bangladesh,2035,6.363936164238846,4.003029971188562
Bangladesh,2036,6.655137844028611,4.485518360248857
Bangladesh,2037,6.719019193713804,4.205064720482355
Bangladesh,2038,6.719019193713804,4.205064720482355
Bangladesh,2039,6.749222271205906,4.205064720482355
Bangladesh,2040,6.753688809525074,3.9424463496052464
Barbados,2030,9.199954362157523,27.091044741083177
Barbados,2031,9.199954362157523,26.664498876364092
Barbados,2032,9.181813137901973,26.664498876364092
Barbados,2033,9.181813137901973,26.664498876364092
Barbados,2034,9.177712683570151,26.664498876364092
Barbados,2035,9.0135513033854,26.664498876364092
Barbados,2036,9.053591873367544,26.664498876364092
Barbados,2037,9.080103443834346,26.664498876364092
Barbados,2038,9.05561200293725,26.664498876364092
Barbados,2039,9.05561200293725,25.89871275900002
Barbados,2040,8.996025961749584,25.732740787491036
Belarus,2030,13.966596381451565,30.571983651986816
Belarus,2031,13.966596381451565,30.571983651986816
Belarus,2032,13.966596381451565,30.418887514433813
Belarus,2033,13.966596381451565,32.9409925085088
Belarus,2034,13.966596381451565,33.01193887444974
Belarus,2035,13.966596381451565,33.01193887444974
Belarus,2036,13.966596381451565,32.67808583377292
Belarus,2037,13.966596381451565,32.65038827111296
Belarus,2038,13.966596381451565,32.65038827111296
Belarus,2039,14.897808491534093,38.819341669643165
Belarus,2040,14.920227897187369,38.819341669643165
Belgium,2030,7.4675260830034595,20.434072937890022
Belgium,2031,7.43990311028354,20.434072937890022
Belgium,2032,7.4813617666842385,19.692276678323406
Belgium,2033,7.6076746325246045,19.692276678323406
Belgium,2034,7.552084369300434,21.512644502038427
Belgium,2035,7.552084369300434,21.47039306412172
Belgium,2036,7.505180709939119,21.243810754738735
Belgium,2037,7.524741444364355,21.579939991164768
Belgium,2038,7.598103083328203,22.97257738519414
Belgium,2039,8.467819430870659,23.10788565346844
Belgium,2040,8.50203514066307,22.951414309798487
Belize,2030,8.555403530900335,22.331104569678555
Belize,2031,8.091770759340065,22.453987873654306
Belize,2032,7.92591263264893,23.543211948330864
Belize,2033,7.762019073782851,23.00103682565836
Belize,2034,7.762019073782851,23.671705947397587
Belize,2035,7.7544758569230385,24.13607381579364
Belize,2036,7.7544758569230385,25.504276107654636
Belize,2037,7.7544758569230385,26.343628494208826
Belize,2038,7.926166884689489,26.343628494208826
Belize,2039,7.952725763430129,26.343628494208826
Belize,2040,8.207470731830629,26.221300851597373
Benin,2030,6.389545257494547,7.9861113629760725
Benin,2031,6.389545257494547,8.16456622560477
Benin,2032,6.530545661100639,8.62770348050673
Benin,2033,6.6212894340957655,8.62770348050673
Benin,2034,6.6212894340957655,9.045030846593061
Benin,2035,6.914540618102906,9.565295850797567
Benin,2036,6.868518738056087,12.481305905410533
Benin,2037,6.814454189948067,12.519542707961078
Benin,2038,6.972171166790521,11.982567048401759
Benin,2039,7.580888860502898,12.049378881292034
Benin,2040,7.674157477625252,12.699748852225282
Bosnia and Herzegovina,2030,9.256907096650671,19.754111991186836
Bosnia and Herzegovina,2031,9.21141271088888,20.111796954712908
Bosnia and Herzegovina,2032,9.242565850419036,20.111796954712908
Bosnia and Herzegovina,2033,9.161404944183868,20.11148545282031
Bosnia and Herzegovina,2034,9.178443519383846,20.627079713971682
Bosnia and Herzegovina,2035,9.227774874267793,20.420158285977738
Bosnia and Herzegovina,2036,9.227774874267793,20.420158285977738
Bosnia and Herzegovina,2037,9.084518787975718,21.711327214880626
Bosnia and Herzegovina,2038,8.970631874209749,21.707184262443942
Bosnia and Herzegovina,2039,8.939583662259565,21.899023792721298
Bosnia and Herzegovina,2040,8.689517841591796,22.146847727627915
Botswana,2030,11.783813133867701,25.369857030860135
Botswana,2031,11.75340632149476,26.609344327924813
Botswana,2032,11.948418407960345,25.851511126074165
Botswana,2033,11.83253812270429,25.160396741921502
Botswana,2034,11.746563162158852,25.160396741921502
Botswana,2035,11.739208263911642,23.81397095864277
Botswana,2036,12.263999508162579,25.250062010673762
Botswana,2037,12.263999508162579,25.207283452437636
Botswana,2038,12.096781786374377,25.314551658305927
Botswana,2039,12.043637903025074,25.52106743910926
Botswana,2040,11.908114383772412,25.31078470970007
Brazil,2030,6.5475758524490635,16.208421751515203
Brazil,2031,6.5475758524490635,15.85852257561043
Brazil,2032,6.5475758524490635,15.880633742226259
Brazil,2033,6.612215281506156,15.880633742226259
Brazil,2034,6.612215281506156,15.880633742226259
Brazil,2035,6.674924190693427,15.880633742226259
Brazil,2036,6.6179392702868,15.880633742226259
Brazil,2037,6.6179392702868,15.06696570523783
Brazil,2038,6.593103330971628,15.09731624768016
Brazil,2039,6.593103330971628,15.274700341197772
Brazil,2040,6.593103330971628,15.274700341197772
Bulgaria,2030,9.410760867608527,12.489788746819531
Bulgaria,2031,9.463324640823766,14.584951119041836
Bulgaria,2032,9.60276058659127,15.789823696357228
Bulgaria,2033,9.624256754912095,13.445842951845423
Bulgaria,2034,9.624256754912095,13.142288576377435
Bulgaria,2035,9.324613831196618,12.970899748135905
Bulgaria,2036,9.324613831196618,13.560278928044983
Bulgaria,2037,9.362438006107071,13.560278928044983
Bulgaria,2038,9.38432281223785,14.33023801858641
Bulgaria,2039,9.470563217209044,14.33023801858641
Bulgaria,2040,9.519107277968518,14.2382250875555
Burkina Faso,2030,7.48478360905176,10.466545658298022
Burkina Faso,2031,7.479204777054501,10.466545658298022
Burkina Faso,2032,7.479204777054501,10.409049720519281
Burkina Faso,2033,7.479204777054501,10.433052382010555
Burkina Faso,2034,7.696082113843376,10.505616225080727
Burkina Faso,2035,7.929714408406147,12.606453738739924
Burkina Faso,2036,8.048972706328206,12.615225831663981
Burkina Faso,2037,8.31557282095298,12.425062061682809
Burkina Faso,2038,8.346785299963152,12.425062061682809
Burkina Faso,2039,8.346785299963152,12.803476215841107
Burkina Faso,2040,8.22540504757121,13.377388207221435
Cabo Verde,2030,6.617767899337744,12.49105420746888
Cabo Verde,2031,6.519414223902008,12.409616401615278
Cabo Verde,2032,6.519414223902008,12.409616401615278
Cabo Verde,2033,6.484410710519333,12.397664924830131
Cabo Verde,2034,6.527879791302644,12.656232765941233
Cabo Verde,2035,6.473168202234523,12.50210636976449
Cabo Verde,2036,6.473168202234523,12.038782643191624
Cabo Verde,2037,6.495587607887799,12.078406898493796
Cabo Verde,2038,6.446272707374667,12.161518238347861
Cabo Verde,2039,6.437146121877227,12.161518238347861
Cabo Verde,2040,7.280023530986084,11.976279379557065
Cambodia,2030,6.741227084430948,6.464999641893843
Cambodia,2031,6.741227084430948,6.711401530415184
Cambodia,2032,6.619590235405266,7.428108739593661
Cambodia,2033,7.295727228789347,7.428108739593661
Cambodia,2034,7.268257132341666,9.067695351892766
Cambodia,2035,7.268257132341666,9.244591677045518
Cambodia,2036,7.268257132341666,9.244591677045518
Cambodia,2037,7.936312034701995,9.596400564653168
Cambodia,2038,8.540772327095475,11.047383140260454
Cambodia,2039,8.540772327095475,11.047383140260454
Cambodia,2040,8.040807999531848,11.047383140260454
Cameroon,2030,5.047255436466373,7.443660667844699
Cameroon,2031,5.085614901438823,7.543394393194596
Cameroon,2032,5.0642599989192085,7.543394393194596
Cameroon,2033,5.411205285241962,8.229435896469022
Cameroon,2034,5.4346808392906745,8.0842470054936
Cameroon,2035,5.4346808392906745,8.0842470054936
Cameroon,2036,5.41239860192735,8.108818718004157
Cameroon,2037,5.41239860192735,8.161686198432292
Cameroon,2038,5.41239860192735,8.080940769257758
Cameroon,2039,5.41239860192735,8.249881357322584
Cameroon,2040,5.3427703433297475,8.974762610537878
Canada,2030,9.11507413225182,17.980518648041414
Canada,2031,9.00379709378297,17.980518648041414
Canada,2032,7.495299623493776,18.032661371103913
Canada,2033,7.495299623493776,18.032661371103913
Canada,2034,6.353794219060616,12.641423216516946
Canada,2035,6.353794219060616,12.632914638345497
Canada,2036,6.353794219060616,12.489803980343897
Canada,2037,6.353794219060616,12.489803980343897
Canada,2038,6.353794219060616,12.335677584167154
Canada,2039,6.353794219060616,12.70810663920487
Canada,2040,7.352884780494506,17.53721720995925
Central African Republic,2030,5.669362946930171,8.746652263069869
Central African Republic,2031,5.804654186254236,8.746652263069869
Central African Republic,2032,5.870254559145708,8.96367216460637
Central African Republic,2033,5.928539106302974,8.96367216460637
Central African Republic,2034,5.849941829333039,8.96367216460637
Central African Republic,2035,5.849941829333039,9.008623107971403
Central African Republic,2036,5.849941829333039,8.805795052062628
Central African Republic,2037,5.849941829333039,8.805795052062628
Central African Republic,2038,5.849941829333039,8.165499236757936
Central African Republic,2039,5.849941829333039,8.456826880188993
Central African Republic,2040,5.849941829333039,8.456826880188993
Chad,2030,5.681960820960879,9.259273390745639
Chad,2031,5.681960820960879,10.675489434296459
Chad,2032,5.681960820960879,11.547935402838947
Chad,2033,5.813406015434586,13.694433059305725
Chad,2034,6.106497755977896,15.426340095890863
Chad,2035,6.7217195551796936,15.935490991812348
Chad,2036,6.975124583798122,16.098227054313842
Chad,2037,8.503067735034985,16.50793905965586
Chad,2038,8.503067735034985,16.584471213305548
Chad,2039,8.516842163556028,16.584471213305548
Chad,2040,8.488116284495689,16.45445114283124
Chile,2030,10.801752672099788,23.2208434183633
Chile,2031,10.313296320897184,24.262061579097114
Chile,2032,10.316256475843362,24.262061579097114
Chile,2033,10.354525616182196,24.262061579097114
Chile,2034,10.416076922176225,23.657552706918494
Chile,2035,10.455644510056295,23.96630252198248
Chile,2036,10.484402185725074,24.314065121211364
Chile,2037,10.517993541006929,24.03887368305662
Chile,2038,10.49891596388673,24.592819871669462
Chile,2039,10.490532817574634,25.21412090005125
Chile,2040,10.490532817574634,25.474532715061407
China,2030,8.638572369934696,11.79223214067234
China,2031,8.638572369934696,12.172562848600492
China,2032,8.638572369934696,12.264091149337697
China,2033,8.638572369934696,15.184646003897935
China,2034,8.641594817537989,14.963640797623418
China,2035,8.641594817537989,15.22429460546674
China,2036,8.641594817537989,15.081743090447866
China,2037,8.63365939506764,14.982292225771085
China,2038,8.584831487967447,13.497080549859861
China,2039,8.584831487967447,13.497080549859861
China,2040,8.584831487967447,12.93486239581263
Colombia,2030,8.734867001272818,27.262931960873512
Colombia,2031,8.734867001272818,25.768616821984136
Colombia,2032,8.734867001272818,28.130259188559382
Colombia,2033,8.734867001272818,28.130259188559382
Colombia,2034,8.75817240264246,28.840660683664733
Colombia,2035,9.580121750259678,27.7556618013139
Colombia,2036,9.580121750259678,26.504102301696555
Colombia,2037,9.578952611484336,26.55550627529369
Colombia,2038,9.798545708905065,26.528325176748215
Colombia,2039,9.886859858511231,26.92833974051645
Colombia,2040,10.209746711666384,27.031618218163683
Congo,2030,5.190613087595254,8.159012371248616
Congo,2031,5.227768490464209,8.17572543379251
Congo,2032,5.227768490464209,7.801867544706305
Congo,2033,5.227768490464209,7.801867544706305
Congo,2034,5.2464504396627705,7.650203795675282
Congo,2035,5.339060909831246,7.650203795675282
Congo,2036,5.341721847092214,7.914566113436685
Congo,2037,5.341721847092214,7.454339988687731
Congo,2038,5.206073706481166,7.454339988687731
Congo,2039,5.206073706481166,6.886335336577303
Congo,2040,5.206073706481166,6.991819431823504
Costa Rica,2030,10.131379759628233,26.973655951747748
Costa Rica,2031,10.117288104202359,26.876738769256235
Costa Rica,2032,10.136452010509382,26.876738769256235
Costa Rica,2033,9.721374555350208,27.379352448830144
Costa Rica,2034,9.721374555350208,27.379352448830144
Costa Rica,2035,9.613750689328112,27.09419560353223
Costa Rica,2036,9.613750689328112,27.09419560353223
Costa Rica,2037,9.665987001538227,27.033592838691348
Costa Rica,2038,9.225640600907207,27.053528904047038
Costa Rica,2039,9.095078197967707,27.053528904047038
Costa Rica,2040,9.095078197967707,27.05721830421206
Croatia,2030,11.652034836818643,25.356568535184138
Croatia,2031,11.601342422505063,25.356568535184138
Croatia,2032,11.697271723322702,23.960390054174802
Croatia,2033,11.518629124680533,24.154249634986844
Croatia,2034,11.518629124680533,23.548543579376513
Croatia,2035,11.320738304795828,23.43964362809533
Croatia,2036,11.320738304795828,23.24434093059917
Croatia,2037,11.244985324965304,23.09774835076042
Croatia,2038,11.089714702354266,23.09774835076042
Croatia,2039,11.02878639455846,22.841149784342576
Croatia,2040,11.059678406490223,22.798578245263236
Cuba,2030,10.097983451816523,24.24604317956278
Cuba,2031,10.074304792001868,24.65444252784866
Cuba,2032,9.554372105322443,24.777638743149954
Cuba,2033,9.474766626729025,24.78357016843385
Cuba,2034,9.371798476403345,25.08385115614013
Cuba,2035,9.322092530835333,24.299830462284135
Cuba,2036,9.31567052364185,24.42433018479661
Cuba,2037,9.43274842994678,24.097688775884993
Cuba,2038,9.739461377496923,24.508064503957378
Cuba,2039,9.744498634431816,24.508064503957378
Cuba,2040,9.850525211277267,24.90563676109589
Cyprus,2030,9.765801113658428,9.33707384759459
Cyprus,2031,9.728797462706572,9.344038050544079
Cyprus,2032,9.820528156814591,9.725469288980308
Cyprus,2033,9.820528156814591,9.725469288980308
Cyprus,2034,9.768717859438805,9.66766620189882
Cyprus,2035,9.524968407861877,5.949700523762204
Cyprus,2036,9.946988459263228,4.941031523288429
Cyprus,2037,10.259835398928653,5.4645707577107325
Cyprus,2038,9.999825419313726,5.583807855157647
Cyprus,2039,10.092439007587469,2.6205268897399363
Cyprus,2040,10.083421117024134,2.9086569297838962
Denmark,2030,9.3592921240662,19.133214490344017
Denmark,2031,9.142603460620647,17.899485638378724
Denmark,2032,9.238685734064296,17.631176340595648
Denmark,2033,9.196013573955842,17.631176340595648
Denmark,2034,9.196013573955842,17.313434409561328
Denmark,2035,9.196013573955842,16.09925106673796
Denmark,2036,9.196013573955842,14.78932103793358
Denmark,2037,10.393609788606813,24.95969176646536
Denmark,2038,10.632822806893207,24.95969176646536
Denmark,2039,10.439074292481921,24.16154568860421
Denmark,2040,10.274286508262998,23.995173378037784
Djibouti,2030,10.351425256437931,14.45724157247971
Djibouti,2031,10.499526021921202,14.303213117355469
Djibouti,2032,10.527460562017055,14.321124084165978
Djibouti,2033,10.515002300322166,14.054881886121215
Djibouti,2034,10.489928622603841,13.872127557489044
Djibouti,2035,10.36927734495373,14.981421483245235
Djibouti,2036,10.152143687097293,14.482384808006723
Djibouti,2037,10.272042295757402,14.482384808006723
Djibouti,2038,10.272042295757402,16.000440179557515
Djibouti,2039,11.075484901280177,17.661737528822716
Djibouti,2040,11.480553088455903,17.661737528822716
Dominica,2030,9.213388448134308,26.57685570397332
Dominica,2031,9.264961342573663,25.66783429810899
Dominica,2032,9.877506454536574,31.61128193092282
Dominica,2033,10.051365807406807,31.839397193099934
Dominica,2034,10.051365807406807,31.654312196260378
Dominica,2035,9.114578761811588,31.51893161907726
Dominica,2036,9.147914260360686,24.370370781448976
Dominica,2037,9.011312478036968,24.485198363210912
Dominica,2038,9.043797943014608,24.66447006949623
Dominica,2039,8.808495217367431,26.70742545916947
Dominica,2040,8.794938937181417,26.356595167765427
Dominican Republic,2030,7.119825231506207,15.66149041830253
Dominican Republic,2031,7.090462880632635,15.49779415581086
Dominican Republic,2032,6.996251697636034,15.863165982035627
Dominican Republic,2033,6.996251697636034,15.484865534867508
Dominican Republic,2034,6.885373146927647,15.433034313697608
Dominican Republic,2035,6.811993750363515,15.433034313697608
Dominican Republic,2036,6.6677769667069064,12.833761771475961
Dominican Republic,2037,6.59683512828418,13.587842540411426
Dominican Republic,2038,6.494647228421377,14.788013914809568
Dominican Republic,2039,6.369575709470471,14.550804303259538
Dominican Republic,2040,6.388309481369866,14.805669837900345
Ecuador,2030,7.972703518173261,14.578980420392194
Ecuador,2031,8.02619271101762,11.933732230890431
Ecuador,2032,8.060905812315301,12.219845706834574
Ecuador,2033,8.17676275009327,12.253936130493281
Ecuador,2034,8.2188816619663,12.96454971211296
Ecuador,2035,8.22429209375137,12.96454971211296
Ecuador,2036,8.265021418075479,14.463471254754083
Ecuador,2037,8.582764272430396,14.46643479505248
Ecuador,2038,8.292725824404123,15.950803109923308
Ecuador,2039,8.831387288448727,16.597338924452533
Ecuador,2040,9.037546214837283,16.96992710127893
Egypt,2030,13.835085828560542,33.37940920283887
Egypt,2031,13.7329667683482,33.49963186619683
Egypt,2032,13.7329667683482,33.5196770602212
Egypt,2033,13.667348842381784,33.59079724600672
Egypt,2034,13.72827715017759,33.59079724600672
Egypt,2035,13.734284753421473,33.59079724600672
Egypt,2036,13.734284753421473,33.641022105960175
Egypt,2037,13.734284753421473,33.641022105960175
Egypt,2038,13.734284753421473,33.86913736813728
Egypt,2039,13.734284753421473,33.85718589135213
Egypt,2040,13.803931795541047,33.53648704541156
El Salvador,2030,8.100294202639427,24.12193780610725
El Salvador,2031,7.974716447983361,23.42483393320743
El Salvador,2032,7.974716447983361,23.42483393320743
El Salvador,2033,7.974716447983361,23.059512022355737
El Salvador,2034,7.697334143122717,23.059512022355737
El Salvador,2035,7.36001468950679,23.059512022355737
El Salvador,2036,7.262359371394978,23.077422989166248
El Salvador,2037,7.262359371394978,23.077422989166248
El Salvador,2038,7.262304427233691,22.879486732296034
El Salvador,2039,7.356474865399019,22.95491011294838
El Salvador,2040,7.356474865399019,22.95491011294838
Estonia,2030,7.60621914022816,14.494893110892743
Estonia,2031,7.534292044112136,14.494893110892743
Estonia,2032,7.4589314049029465,14.178806833172091
Estonia,2033,7.539929759532489,14.177516606789565
Estonia,2034,7.539929759532489,14.266533578994597
Estonia,2035,7.539929759532489,14.270149777106614
Estonia,2036,7.901315532346494,14.316422826619728
Estonia,2037,7.901315532346494,14.43307133143485
Estonia,2038,8.04630768491276,14.13682684366817
Estonia,2039,8.04630768491276,12.429645443554303
Estonia,2040,8.04630768491276,12.429645443554303
Ethiopia,2030,3.6159357187898453,4.715692206820598
Ethiopia,2031,3.5868040444132854,4.715692206820598
Ethiopia,2032,3.5868040444132854,4.715692206820598
Ethiopia,2033,3.58849938906626,4.794339945687282
Ethiopia,2034,3.6319384148456906,4.76551611071118
Ethiopia,2035,3.885418791669749,5.228839837284046
Ethiopia,2036,4.192619219496923,5.228839837284046
Ethiopia,2037,4.192619219496923,5.228839837284046
Ethiopia,2038,4.192619219496923,5.432883724602088
Ethiopia,2039,4.1739012506482736,5.34340831451503
Ethiopia,2040,4.1739012506482736,5.277760927737359
Fiji,2030,11.911186435659227,28.102172675864946
Fiji,2031,11.911186435659227,27.87927200345051
Fiji,2032,11.911186435659227,28.396794769355044
Fiji,2033,11.911186435659227,28.29427205605236
Fiji,2034,11.930747170084462,28.87881466338166
Fiji,2035,11.930747170084462,28.87881466338166
Fiji,2036,11.998895463332683,28.536576019379808
Fiji,2037,11.979860570032107,29.014854375513487
Fiji,2038,11.847998739983677,29.014854375513487
Fiji,2039,11.847998739983677,28.890090765689088
Fiji,2040,11.855293628702317,27.12337786188139
Finland,2030,8.042947918691512,17.3562564802617
Finland,2031,8.03838955533303,17.44209878372845
Finland,2032,8.072090451825261,17.44209878372845
Finland,2033,8.082411937465826,17.247175177211364
Finland,2034,8.082411937465826,16.733650789650827
Finland,2035,8.192908278236873,16.863053056134156
Finland,2036,8.197805726995368,16.960798397133665
Finland,2037,7.984994735434862,17.124769734600715
Finland,2038,8.081262381571527,17.124769734600715
Finland,2039,8.197517025116035,17.013860060472123
Finland,2040,8.197517025116035,16.242015311625845
France,2030,10.058867851569799,18.022114206026206
France,2031,10.194027053581063,17.92596891959131
France,2032,10.251715325102973,18.047824713146735
France,2033,10.422655056247077,18.63396266039972
France,2034,10.78428655536461,18.34401890155476
France,2035,10.842800920409658,18.899043727468563
France,2036,10.842800920409658,18.528970529360315
France,2037,10.853262370680026,18.209393626986056
France,2038,10.853262370680026,18.209393626986056
France,2039,10.78240325131465,17.922508052479433
France,2040,10.738529359453539,17.787064950362055
Gabon,2030,8.532946025976802,11.336421066516252
Gabon,2031,8.484120553987609,11.318185074734037
Gabon,2032,8.484120553987609,11.318185074734037
Gabon,2033,8.367950081546619,12.744899512239828
Gabon,2034,8.399619838540637,12.661071471310347
Gabon,2035,8.346021414080623,11.999379618726552
Gabon,2036,8.370427328977497,11.733137420681789
Gabon,2037,8.370427328977497,11.684131823247883
Gabon,2038,8.370427328977497,11.703642080483675
Gabon,2039,8.370427328977497,11.309748153700324
Gabon,2040,8.345095190545475,11.278163408771904
Gambia,2030,9.497560579092925,22.35097870644337
Gambia,2031,9.497560579092925,22.58204719712974
Gambia,2032,9.497560579092925,22.74187249107037
Gambia,2033,9.598628327086736,22.74187249107037
Gambia,2034,9.809374068100498,22.7833700959357
Gambia,2035,9.809374068100498,22.7833700959357
Gambia,2036,9.809374068100498,22.7833700959357
Gambia,2037,9.846177094998554,23.146905101974394
Gambia,2038,9.846177094998554,23.98334572715609
Gambia,2039,9.828471309417488,23.81043903749142
Gambia,2040,9.751603279165069,23.887812270582277
Georgia,2030,9.509180546086737,16.759792655881846
Georgia,2031,9.443530174178838,16.53876906588782
Georgia,2032,9.500851112292972,16.40517645816427
Georgia,2033,9.452025640303779,16.19744356539662
Georgia,2034,9.455759061885134,16.12633593470008
Georgia,2035,9.533454719189315,15.907139352365723
Georgia,2036,9.56298608577469,17.14660867084939
Georgia,2037,9.620532984930158,17.14660867084939
Georgia,2038,9.566270236142444,17.24594654065885
Georgia,2039,9.759750394095265,17.714760275759655
Georgia,2040,9.14782060911255,17.196013107670282
Germany,2030,6.124226872962149,15.752623401290615
Germany,2031,6.124226872962149,15.161565701845902
Germany,2032,6.098120413408134,15.161565701845902
Germany,2033,6.098120413408134,15.161565701845902
Germany,2034,6.098120413408134,15.09890024560935
Germany,2035,6.098120413408134,14.643376209983247
Germany,2036,6.081134527698677,14.582847983045099
Germany,2037,6.081134527698677,14.582847983045099
Germany,2038,6.081134527698677,14.483860577774916
Germany,2039,6.1926485142139995,14.483860577774916
Germany,2040,6.1926485142139995,14.483860577774916
Ghana,2030,4.555345719041411,13.267396423884191
Ghana,2031,4.421890935033658,12.811229570624551
Ghana,2032,4.421890935033658,12.92545930773129
Ghana,2033,4.421890935033658,12.857793245359069
Ghana,2034,4.421890935033658,12.88765087797396
Ghana,2035,4.421890935033658,12.891664360799815
Ghana,2036,4.2842637008953295,12.897311245478388
Ghana,2037,4.274543602855324,12.897311245478388
Ghana,2038,5.023077640912443,12.897311245478388
Ghana,2039,5.023077640912443,12.897311245478388
Ghana,2040,6.070699742802578,21.959928803331792
Greece,2030,9.503968921717037,21.445188803764108
Greece,2031,9.547639995885962,21.21229233747639
Greece,2032,9.547639995885962,21.216322016300097
Greece,2033,8.335124522162134,18.99825883768441
Greece,2034,8.29968452193056,19.21031084848335
Greece,2035,8.638208624132087,19.56899257669901
Greece,2036,7.619227134658085,19.44422896687461
Greece,2037,7.563796308734057,19.44422896687461
Greece,2038,7.3382583375647075,19.44422896687461
Greece,2039,7.274376987879514,19.44422896687461
Greece,2040,7.274376987879514,19.66158860675865
Grenada,2030,8.411971203782707,25.40078068585963
Grenada,2031,8.382839529406146,25.172577025103845
Grenada,2032,8.400307818032237,25.812078522124764
Grenada,2033,8.689801974969885,22.562868851690954
Grenada,2034,8.686690231684612,22.562868851690954
Grenada,2035,8.597092512528747,22.07225869287496
Grenada,2036,8.597092512528747,21.95881156140155
Grenada,2037,8.597092512528747,23.535732012493842
Grenada,2038,8.677626485751688,22.9917771405971
Grenada,2039,8.677626485751688,23.02215606012136
Grenada,2040,8.69838799576017,22.84227135912445
Guatemala,2030,6.775949968721955,21.886238372948913
Guatemala,2031,6.796494748045429,21.7720048109598
Guatemala,2032,6.796494748045429,21.213694268099125
Guatemala,2033,6.789199859326791,21.213694268099125
Guatemala,2034,6.76139400229798,21.408112859350794
Guatemala,2035,6.693161065177181,21.408112859350794
Guatemala,2036,6.712195958477757,21.408112859350794
Guatemala,2037,6.712195958477757,22.27224788924246
Guatemala,2038,6.598189248311362,22.27224788924246
Guatemala,2039,6.598189248311362,22.004681213635386
Guatemala,2040,6.598189248311362,21.572710745366656
Guinea,2030,8.739492458601557,17.452046875535736
Guinea,2031,9.51152993170175,16.471944627754755
Guinea,2032,9.6103713661847,17.01622214702328
Guinea,2033,9.910054808620453,17.212009574437594
Guinea,2034,9.910054808620453,16.711979274046456
Guinea,2035,10.93230957873989,17.631371938162587
Guinea,2036,10.50477407711588,18.42171099603366
Guinea,2037,10.490756234083952,18.4816902723
Guinea,2038,10.684621261073064,17.17989215047826
Guinea,2039,10.824327273825832,17.13418964333891
Guinea,2040,10.808286572266413,17.00027705617605
Guyana,2030,9.24860986616763,32.05439673247568
Guyana,2031,9.311318775354902,32.05439673247568
Guyana,2032,9.255760805110933,32.05439673247568
Guyana,2033,9.311095790905725,32.05439673247568
Guyana,2034,9.168470666794166,32.08377230789712
Guyana,2035,9.168470666794166,32.08377230789712
Guyana,2036,9.168470666794166,32.08377230789712
Guyana,2037,9.168470666794166,32.122229316758634
Guyana,2038,9.507743794653999,32.122229316758634
Guyana,2039,9.599878669430542,32.122229316758634
Guyana,2040,9.70589565458627,30.248699631691863
Haiti,2030,4.5171775163715395,9.330383998888063
Haiti,2031,4.657831751259649,8.701599781872861
Haiti,2032,5.012994352120489,9.363163998293826
Haiti,2033,5.012994352120489,11.950846970147495
Haiti,2034,6.336221702229027,12.102510719178515
Haiti,2035,6.336221702229027,12.255490343097
Haiti,2036,6.485130220399516,12.350204199419661
Haiti,2037,7.413384331273332,12.06948847325727
Haiti,2038,7.528738596790379,12.64971405392579
Haiti,2039,7.537980666835046,12.566796464944437
Haiti,2040,8.449982250058834,14.194628251905389
Honduras,2030,10.467548667330263,24.85760050539324
Honduras,2031,10.069801774595105,24.723687918230386
Honduras,2032,9.93879438284214,23.739593967985307
Honduras,2033,10.067621764426066,24.137426349433238
Honduras,2034,10.207830861491116,23.763621344380518
Honduras,2035,10.207830861491116,23.432579140776628
Honduras,2036,10.160026914018689,23.432579140776628
Honduras,2037,10.010367116371583,23.530669395275083
Honduras,2038,10.060592203504346,23.25278313879848
Honduras,2039,10.522529925476272,23.26211966684296
Honduras,2040,10.633492652315299,23.36447510548704
Hungary,2030,8.814156013029596,24.884234777599016
Hungary,2031,13.424376905863452,23.329485056951686
Hungary,2032,13.646348130868175,22.110689635201076
Hungary,2033,13.646348130868175,21.47039884619915
Hungary,2034,13.859880795849552,20.208380368008307
Hungary,2035,13.050626258791107,19.80866647257081
Hungary,2036,13.07489482606053,19.957152727497494
Hungary,2037,13.281884794849551,20.868207733877803
Hungary,2038,13.281884794849551,21.611903871263667
Hungary,2039,13.182504555980026,21.347541553502268
Hungary,2040,13.156599577104323,21.51688154446752
Iceland,2030,8.443657114439398,19.773439538792413
Iceland,2031,8.416868185088617,19.773439538792413
Iceland,2032,9.053578483854238,18.325206678491668
Iceland,2033,11.060801527600743,18.325206678491668
Iceland,2034,11.060801527600743,18.325206678491668
Iceland,2035,11.06091492386973,18.242165781282083
Iceland,2036,10.959639757940547,18.95054117113372
Iceland,2037,10.959639757940547,18.46743209070118
Iceland,2038,10.866247978159327,18.46743209070118
Iceland,2039,10.866247978159327,18.839873222230885
Iceland,2040,10.944905688277325,18.839873222230885
India,2030,8.699790125562634,17.440293074533738
India,2031,8.86540431283084,17.311291613689374
India,2032,9.417882198799886,18.098602585932824
India,2033,9.392962829435268,17.980102331015487
India,2034,9.422222526566154,18.56467272049281
India,2035,9.36907864321685,17.91697421975097
India,2036,9.36907864321685,17.91344097909904
India,2037,9.324601343329485,17.91344097909904
India,2038,9.324601343329485,17.830400081889454
India,2039,9.327108078876012,17.830400081889454
India,2040,9.175136899501975,17.830400081889454
Indonesia,2030,10.105624206421016,17.531577150664603
Indonesia,2031,10.105624206421016,17.857163186632512
Indonesia,2032,10.105624206421016,18.540678824707804
Indonesia,2033,11.150701495092749,19.16848520442038
Indonesia,2034,11.1232455148442,19.838736332561545
Indonesia,2035,11.154917470729695,19.798624871554793
Indonesia,2036,10.892654001332483,19.352132059960315
Indonesia,2037,10.835804365906595,19.126057946438802
Indonesia,2038,10.835804365906595,19.126057946438802
Indonesia,2039,10.835804365906595,19.126057946438802
Indonesia,2040,10.866193653050143,19.126057946438802
Iraq,2030,10.182467206666107,14.453250887566664
Iraq,2031,10.197251426822403,14.397370930090352
Iraq,2032,10.18741671587017,14.383023949238886
Iraq,2033,10.25039261191203,14.241417792792932
Iraq,2034,10.31149144693046,15.073123481240643
Iraq,2035,10.578348383296008,14.857661869087678
Iraq,2036,10.792288768286731,14.685459810880593
Iraq,2037,10.792288768286731,14.73310629730177
Iraq,2038,10.792288768286731,14.372923514049418
Iraq,2039,10.79453337159457,14.22867402537836
Iraq,2040,10.823311669634204,14.22867402537836
Ireland,2030,9.775972456317225,22.59384500738993
Ireland,2031,9.808421627782197,22.59384500738993
Ireland,2032,9.800835878937821,22.715730790172657
Ireland,2033,9.884764595627873,22.537854385756148
Ireland,2034,9.802975283000896,22.356655249123428
Ireland,2035,9.884239797315866,22.205603472222105
Ireland,2036,9.782656380156004,20.08184188191026
Ireland,2037,9.8035592217167,21.070367391614237
Ireland,2038,9.842393600690592,20.432930879359414
Ireland,2039,9.734476657627853,19.843783507610823
Ireland,2040,9.750148762738249,24.860391223415224
Israel,2030,8.545772920445607,16.874187095611283
Israel,2031,8.660750587205996,15.740716314128303
Israel,2032,8.660750587205996,16.078465642791112
Israel,2033,8.660750587205996,16.40580663676658
Israel,2034,8.569851330261379,16.48147579559529
Israel,2035,8.47358368412471,16.081369004790353
Israel,2036,8.530518919302649,16.381025057114385
Israel,2037,8.718011461107805,16.815696779000024
Israel,2038,8.934642622684557,16.815696779000024
Israel,2039,8.836502243191966,16.853409913100638
Israel,2040,8.75484554365607,17.397892420167615
Italy,2030,9.609453660842764,19.095727443250443
Italy,2031,9.609453660842764,18.89813307333451
Italy,2032,9.609453660842764,18.69996109182783
Italy,2033,9.609453660842764,18.69996109182783
Italy,2034,9.758825401518632,18.913578038335345
Italy,2035,11.212148403295435,31.767948012373
Italy,2036,11.98463203500951,32.69781476946098
Italy,2037,11.98463203500951,32.79517048484797
Italy,2038,11.98463203500951,32.79517048484797
Italy,2039,11.991986933256719,32.30489129792509
Italy,2040,12.110356566841974,30.23042597060399
Jamaica,2030,8.748797799053161,25.513523405799212
Jamaica,2031,8.748797799053161,25.050603771351028
Jamaica,2032,8.726288852717207,25.1245724883689
Jamaica,2033,8.726288852717207,25.393225744136103
Jamaica,2034,8.726288852717207,24.8136425171749
Jamaica,2035,8.642437127021847,24.489199895077743
Jamaica,2036,8.72764795807675,24.81355136183446
Jamaica,2037,8.688269456934707,24.065447123640194
Jamaica,2038,8.834310246626437,25.038626895936787
Jamaica,2039,8.93822502433854,25.703587254089427
Jamaica,2040,8.93822502433854,25.88654355668583
Japan,2030,8.388932962273802,11.7393307239777
Japan,2031,8.388932962273802,12.066671717953167
Japan,2032,8.155035218276115,12.04866743945293
Japan,2033,8.107230828930376,16.10110815085228
Japan,2034,8.101923080272956,16.297179348118977
Japan,2035,8.153840110875262,16.510493559600107
Japan,2036,8.034989190330748,16.510493559600107
Japan,2037,7.7428972832584195,16.86351521613932
Japan,2038,7.7428972832584195,15.743031198669508
Japan,2039,8.750378932401317,16.876622375643926
Japan,2040,8.72424516777819,16.876622375643926
Jordan,2030,13.526896916232031,30.199671757880157
Jordan,2031,13.526896916232031,30.193620033965885
Jordan,2032,13.526896916232031,30.092544418542403
Jordan,2033,13.503275191776897,28.576803173819396
Jordan,2034,13.576869469729035,29.60910494371055
Jordan,2035,13.512310827833346,29.654420520023866
Jordan,2036,13.522554664025332,30.132796195223936
Jordan,2037,13.440396744483897,30.2761121868371
Jordan,2038,13.440396744483897,30.6494865381565
Jordan,2039,13.502025709733804,30.090178664051145
Jordan,2040,13.653197153500368,30.090178664051145
Kazakhstan,2030,9.153191353236991,26.01111618265587
Kazakhstan,2031,9.246034610598175,26.184322392914126
Kazakhstan,2032,9.215424828128716,26.184322392914126
Kazakhstan,2033,9.04329879895518,24.376359677459394
Kazakhstan,2034,9.04329879895518,24.376359677459394
Kazakhstan,2035,9.075599170556593,24.376359677459394
Kazakhstan,2036,9.075599170556593,24.376359677459394
Kazakhstan,2037,9.080708004558796,24.376359677459394
Kazakhstan,2038,9.080708004558796,23.941993073789867
Kazakhstan,2039,9.190803371312299,23.941993073789867
Kazakhstan,2040,9.21398263211164,23.941993073789867
Kenya,2030,4.497913482328007,7.545261924127142
Kenya,2031,4.4937576269487565,7.545261924127142
Kenya,2032,4.4273696980062125,7.485353854236995
Kenya,2033,4.4273696980062125,7.520673724840975
Kenya,2034,4.4273696980062125,7.458792185989339
Kenya,2035,4.403853313675052,7.556159554834746
Kenya,2036,4.226616930270941,7.990734762935209
Kenya,2037,4.764472453935883,7.990734762935209
Kenya,2038,4.7940656251180105,7.990734762935209
Kenya,2039,4.7940656251180105,7.990734762935209
Kenya,2040,4.757494663243318,7.990734762935209
Kiribati,2030,13.76241681055792,37.64634399215671
Kiribati,2031,13.76241681055792,38.619543821832444
Kiribati,2032,13.794970421178354,35.46794912163973
Kiribati,2033,13.925973437186823,35.22689746480036
Kiribati,2034,13.925973437186823,35.336134726728595
Kiribati,2035,13.871943902220874,35.336134726728595
Kiribati,2036,13.601149143316832,35.336134726728595
Kiribati,2037,13.72299652801954,34.672382426691975
Kiribati,2038,13.79436721687738,34.672382426691975
Kiribati,2039,13.79436721687738,34.946341901914195
Kiribati,2040,13.565585602530742,34.447305226675674
Kuwait,2030,12.921397032765451,27.0807413970646
Kuwait,2031,12.564979145858146,27.812093883220026
Kuwait,2032,12.407409148515988,27.340856673169032
Kuwait,2033,10.71631555534522,26.59926354749201
Kuwait,2034,10.82779698301649,28.243405115177836
Kuwait,2035,12.64843625410945,29.759364352022175
Kuwait,2036,12.64843625410945,27.951025508635933
Kuwait,2037,12.727675362988288,27.120523128041917
Kuwait,2038,13.157844038091717,25.553310977185077
Kuwait,2039,13.16489456311699,25.69576175452865
Kuwait,2040,11.921323812287357,29.159957227291905
Kyrgyzstan,2030,9.097039418852674,19.683401189350793
Kyrgyzstan,2031,9.139101968911191,18.323323462639927
Kyrgyzstan,2032,9.139101968911191,18.374813076768028
Kyrgyzstan,2033,9.1254622678625,18.621413975618946
Kyrgyzstan,2034,9.320202827250045,19.13488992151596
Kyrgyzstan,2035,9.383193228238323,19.314071299687136
Kyrgyzstan,2036,9.51785579459549,19.314071299687136
Kyrgyzstan,2037,9.845158434905246,18.91419648426286
Kyrgyzstan,2038,9.853040842609682,18.95158685110071
Kyrgyzstan,2039,9.853040842609682,18.288969524103617
Kyrgyzstan,2040,9.66541332109525,19.07309131206734
Latvia,2030,9.767915786978312,22.791098869496068
Latvia,2031,9.818415975597913,23.54994332804989
Latvia,2032,9.76987191483844,22.986635016737825
Latvia,2033,9.761652464469952,23.250640384800214
Latvia,2034,9.766384140239026,24.089686241411574
Latvia,2035,9.766384140239026,24.34581562179033
Latvia,2036,9.798849113513134,24.34581562179033
Latvia,2037,9.955679819732895,24.267523680970637
Latvia,2038,10.615383464178704,24.267523680970637
Latvia,2039,10.83864917671568,24.53789548001662
Latvia,2040,11.107509316278117,24.53789548001662
Lebanon,2030,10.801430001581911,21.062763674188737
Lebanon,2031,11.078622241637728,20.64428680977286
Lebanon,2032,10.834127413167122,20.236447451748585
Lebanon,2033,10.834127413167122,20.548141953866736
Lebanon,2034,10.976916631972637,20.741512766544194
Lebanon,2035,9.177212459426284,20.84535137302599
Lebanon,2036,9.1417841110894,20.629740444061454
Lebanon,2037,9.1417841110894,20.629740444061454
Lebanon,2038,9.008680432554513,21.205044948130404
Lebanon,2039,8.638002112684841,20.671464077612022
Lebanon,2040,8.879544545780803,16.410698633759136
Lesotho,2030,5.365880805029481,12.727214271005616
Lesotho,2031,5.365880805029481,12.727214271005616
Lesotho,2032,5.441535280376576,12.727214271005616
Lesotho,2033,5.441535280376576,12.727214271005616
Lesotho,2034,5.441535280376576,12.727214271005616
Lesotho,2035,5.44105685639989,12.727214271005616
Lesotho,2036,5.512427545257731,12.727214271005616
Lesotho,2037,5.763276140103245,12.727214271005616
Lesotho,2038,5.763276140103245,12.727214271005616
Lesotho,2039,5.846740533047891,12.727214271005616
Lesotho,2040,5.846740533047891,12.690057576658623
Liberia,2030,8.696269346021525,15.058674604443429
Liberia,2031,8.598656998313324,14.690169757485787
Liberia,2032,8.392182971185628,14.816861005476845
Liberia,2033,8.308693320694468,14.344288972384643
Liberia,2034,8.174634370276173,16.547959934266586
Liberia,2035,8.089787270030948,14.976210275249308
Liberia,2036,8.089787270030948,13.65939867817113
Liberia,2037,8.089787270030948,13.355197842539281
Liberia,2038,8.388731594462811,11.675430584520113
Liberia,2039,8.147457006518012,11.675430584520113
Liberia,2040,8.24220317742763,11.587527059245174
Lithuania,2030,9.801098293856151,27.396378940683693
Lithuania,2031,9.7654846402101,27.513598156466774
Lithuania,2032,9.78986177325867,27.513598156466774
Lithuania,2033,9.71619862527681,28.463989079191595
Lithuania,2034,9.835044380663785,28.430533075758117
Lithuania,2035,9.773752881695367,29.037467922679895
Lithuania,2036,9.96084854581997,28.477745679664697
Lithuania,2037,9.99139249009445,29.384227737155857
Lithuania,2038,10.16285045397884,29.05632291447233
Lithuania,2039,9.86728751522256,28.09348155594913
Lithuania,2040,9.30221407768353,23.919879931282637
Luxembourg,2030,9.207781374984007,21.0812306954963
Luxembourg,2031,9.256775143445793,21.251616250849747
Luxembourg,2032,9.24123563913987,21.155565592875526
Luxembourg,2033,9.24123563913987,21.465335618571544
Luxembourg,2034,10.433587857494311,22.05861019487311
Luxembourg,2035,10.355934905644089,23.73287865447551
Luxembourg,2036,10.36600034991321,23.71691603526169
Luxembourg,2037,10.36600034991321,22.42969992896642
Luxembourg,2038,10.36600034991321,21.667939298007735
Luxembourg,2039,10.263067083313633,20.939870338643413
Luxembourg,2040,10.091852553377592,19.060638777697196
Madagascar,2030,4.285532796675587,8.485317571234624
Madagascar,2031,4.285532796675587,8.485317571234624
Madagascar,2032,4.275445327566594,8.358497911678375
Madagascar,2033,4.275445327566594,8.782919545783518
Madagascar,2034,4.275445327566594,8.782919545783518
Madagascar,2035,4.275445327566594,8.782919545783518
Madagascar,2036,4.275445327566594,8.782919545783518
Madagascar,2037,4.0752272729345815,8.55235677275461
Madagascar,2038,4.0752272729345815,8.55235677275461
Madagascar,2039,4.0752272729345815,9.378163367827574
Madagascar,2040,4.0752272729345815,8.93081381187191
Malawi,2030,5.157368895191535,7.6074108511056915
Malawi,2031,5.460664854658639,7.7318255301848895
Malawi,2032,5.368178493112188,8.233063104875805
Malawi,2033,5.309084254378462,8.214106345826744
Malawi,2034,5.309084254378462,8.018596266768855
Malawi,2035,5.065876162380392,8.442247764391805
Malawi,2036,4.919855229040648,8.432516462521846
Malawi,2037,4.919855229040648,8.472998813506376
Malawi,2038,4.941554105117349,8.890911432567004
Malawi,2039,5.167423486599729,10.641806520784357
Malawi,2040,5.984545743366272,11.157182501633478
Malaysia,2030,12.148317080931214,25.913824798368694
Malaysia,2031,12.384361967088516,25.74064783628395
Malaysia,2032,11.874343920152073,26.949959959776592
Malaysia,2033,11.874343920152073,26.845095381986408
Malaysia,2034,11.802973231294233,26.845095381986408
Malaysia,2035,11.837151536284239,26.845095381986408
Malaysia,2036,11.887316044225624,26.97699438467858
Malaysia,2037,11.887316044225624,27.37657053850335
Malaysia,2038,11.913827614692426,27.37657053850335
Malaysia,2039,11.623502557214326,27.525388355015806
Malaysia,2040,11.377304683700027,27.51723741644458
Maldives,2030,8.648835456752124,20.566101934268247
Maldives,2031,8.35575551843127,20.650740351376133
Maldives,2032,8.360560044871308,20.610969124689706
Maldives,2033,8.393922951588545,24.377128653347725
Maldives,2034,8.379662834050873,23.992539325844138
Maldives,2035,7.880459450331941,21.41571636484735
Maldives,2036,7.85121560264299,21.41571636484735
Maldives,2037,7.843903152026831,20.115948838703154
Maldives,2038,7.81903593209009,20.115948838703154
Maldives,2039,7.81903593209009,19.819704350936473
Maldives,2040,7.81903593209009,19.819704350936473
Mali,2030,7.143809534557327,15.00585540667862
Mali,2031,7.09959791696436,14.879912682140182
Mali,2032,7.25903085847742,14.833806889605585
Mali,2033,7.284900888875026,14.833806889605585
Mali,2034,7.290540027452816,14.833806889605585
Mali,2035,7.290540027452816,14.833806889605585
Mali,2036,7.290540027452816,14.833806889605585
Mali,2037,7.307978787974801,15.246549369595968
Mali,2038,7.383096338867654,15.209392675248974
Mali,2039,7.383750541344304,15.209392675248974
Mali,2040,7.383750541344304,15.209392675248974
Malta,2030,9.121668774465723,23.19275297433862
Malta,2031,8.83656167311992,22.06801013669921
Malta,2032,8.83656167311992,22.127650189410197
Malta,2033,8.8639670984936,21.403062322496528
Malta,2034,8.903357481286859,19.29703608872862
Malta,2035,9.21101714708601,19.29703608872862
Malta,2036,9.320241434582785,20.674383485888466
Malta,2037,9.499368786692687,22.06133053538756
Malta,2038,9.532960141974542,22.24689998050683
Malta,2039,10.402988402863647,23.04511229667131
Malta,2040,11.188406734045163,23.04511229667131
Mauritania,2030,10.835796773357877,21.31486954038173
Mauritania,2031,10.828206665713482,21.31486954038173
Mauritania,2032,10.758226960973248,20.94491144137506
Mauritania,2033,10.383601296545683,22.269500613830274
Mauritania,2034,10.699419810377808,22.847952668204613
Mauritania,2035,10.769080918397224,22.107864838182934
Mauritania,2036,10.704326195902269,21.553697940291965
Mauritania,2037,10.735011360645489,21.488449413598637
Mauritania,2038,10.715976467344912,21.305695084966466
Mauritania,2039,10.628119192896028,21.605656027491648
Mauritania,2040,10.568484567904218,21.844060778339262
Mauritius,2030,8.59995495834733,14.88072242248698
Mauritius,2031,8.71637568210575,14.279021125556207
Mauritius,2032,8.617518583314267,14.23531797752299
Mauritius,2033,8.855476899066604,13.492949212074075
Mauritius,2034,9.009920740769578,15.936210122373888
Mauritius,2035,9.009920740769578,14.663060379329277
Mauritius,2036,8.9755266668541,10.845367070280084
Mauritius,2037,8.9755266668541,10.938128019743253
Mauritius,2038,8.914693033794372,10.945616279633962
Mauritius,2039,8.914693033794372,11.0961245717065
Mauritius,2040,8.858677453172044,9.224792609980344
Mexico,2030,10.752537503013327,27.434927119125785
Mexico,2031,10.786128858295182,28.32437028855687
Mexico,2032,10.99924409439709,28.849974797508004
Mexico,2033,10.99924409439709,28.849974797508004
Mexico,2034,10.654803898740495,28.67405053485813
Mexico,2035,10.654803898740495,28.67405053485813
Mexico,2036,10.799975533242316,28.67405053485813
Mexico,2037,10.942471510603857,28.40373903466723
Mexico,2038,10.942471510603857,28.40373903466723
Mexico,2039,10.722657457504349,28.40373903466723
Mexico,2040,10.490195968230234,28.405848791263033
Mongolia,2030,9.074249413365111,18.051769506889226
Mongolia,2031,9.015781858162956,17.840908851434094
Mongolia,2032,9.006530636227378,17.866035951694446
Mongolia,2033,9.151205578301614,17.676634768140648
Mongolia,2034,9.184907864078362,17.635504931933315
Mongolia,2035,9.119568998801068,17.635504931933315
Mongolia,2036,9.09306181120245,17.635504931933315
Mongolia,2037,9.202273975113458,18.132288965809398
Mongolia,2038,9.138138324959591,18.446698973277663
Mongolia,2039,9.138138324959591,18.505670278885006
Mongolia,2040,9.064592773530714,18.44576662176528
Montenegro,2030,7.367915770286832,21.089728371022705
Montenegro,2031,8.299127880369365,23.493596343547967
Montenegro,2032,8.299127880369365,24.565368864584734
Montenegro,2033,8.299127880369365,23.38929097492883
Montenegro,2034,8.47102030915873,22.67964988955775
Montenegro,2035,8.5705293404108,22.63841479390276
Montenegro,2036,8.554841126954978,22.777252660623223
Montenegro,2037,8.540993511543483,22.08680432292281
Montenegro,2038,8.540993511543483,22.08680432292281
Montenegro,2039,8.540993511543483,22.08680432292281
Montenegro,2040,8.540993511543483,22.08680432292281
Morocco,2030,11.25195151411828,24.543998304014202
Morocco,2031,11.25195151411828,24.678972019354482
Morocco,2032,11.259403064978056,24.54595432155437
Morocco,2033,11.309122731400928,24.805408671510104
Morocco,2034,11.309122731400928,25.101224596090216
Morocco,2035,11.334641339584532,23.803277602079838
Morocco,2036,11.334641339584532,23.77203507996217
Morocco,2037,11.334641339584532,23.77203507996217
Morocco,2038,11.334641339584532,23.949552604974787
Morocco,2039,11.123098185537712,24.414859633885992
Morocco,2040,11.123098185537712,24.414859633885992
Mozambique,2030,5.173438852347154,7.875999308838858
Mozambique,2031,5.097067644012184,9.973228472900482
Mozambique,2032,5.146852226203174,10.618969934975384
Mozambique,2033,5.626524104120357,11.272968056803714
Mozambique,2034,5.729277149496548,11.272968056803714
Mozambique,2035,5.7570646820108555,11.486368369841129
Mozambique,2036,5.7570646820108555,11.042329244829283
Mozambique,2037,5.7570646820108555,11.00196278848148
Mozambique,2038,5.7570646820108555,10.904029273196095
Mozambique,2039,5.760440787318024,10.904029273196095
Mozambique,2040,5.790720406302084,10.904029273196095
Myanmar,2030,8.001701186351115,11.69574617849426
Myanmar,2031,8.254081117215819,11.99290541640372
Myanmar,2032,8.261159464386264,11.99290541640372
Myanmar,2033,8.169650327269485,11.99290541640372
Myanmar,2034,8.230339949382904,12.045772896831858
Myanmar,2035,8.325192438332655,11.69770661633356
Myanmar,2036,9.202737212431723,14.03339105346003
Myanmar,2037,10.111807667552966,13.996234359113036
Myanmar,2038,10.25374635083869,15.075744432022368
Myanmar,2039,10.341891550472221,15.160335014895006
Myanmar,2040,10.41604787892289,15.160335014895006
Namibia,2030,3.9720190897120644,9.28027845289195
Namibia,2031,3.984801226997105,7.765315748894314
Namibia,2032,3.984801226997105,7.91698386508349
Namibia,2033,4.022984605010442,7.795023608357723
Namibia,2034,4.057689216682909,7.436823772707387
Namibia,2035,4.074976414420239,7.007371658948516
Namibia,2036,4.068242708053222,6.693747861283561
Namibia,2037,4.068242708053222,6.693747861283561
Namibia,2038,4.042690308330151,6.693747861283561
Namibia,2039,4.042690308330151,6.693747861283561
Namibia,2040,4.042690308330151,6.563678890462376
Nepal,2030,8.575833237797765,6.79256043229343
Nepal,2031,8.575833237797765,4.835981416682627
Nepal,2032,8.599184620542989,4.999502565036603
Nepal,2033,8.565369169794605,5.504519182769939
Nepal,2034,8.67611636509735,5.504519182769939
Nepal,2035,8.578553566403897,8.993061529525235
Nepal,2036,8.538515750982755,8.993061529525235
Nepal,2037,8.162873559647533,10.043391528852144
Nepal,2038,8.162873559647533,10.724593990284093
Nepal,2039,7.827328148440302,11.604765562584483
Nepal,2040,7.822832680812564,11.604765562584483
New Zealand,2030,11.168603557325772,26.569515481040877
New Zealand,2031,10.76832055236918,26.433323161257608
New Zealand,2032,10.81292963172823,26.5116151020773
New Zealand,2033,10.68163749318729,26.5116151020773
New Zealand,2034,10.696216053414151,26.41402358415635
New Zealand,2035,10.717261948313933,25.518312861296774
New Zealand,2036,10.666761759694332,25.518312861296774
New Zealand,2037,10.628937584783879,25.518312861296774
New Zealand,2038,10.632883481612971,25.518312861296774
New Zealand,2039,10.740828265013288,25.383703962846912
New Zealand,2040,10.740828265013288,25.2959557590107
Niger,2030,8.056553397907578,11.632239197704621
Niger,2031,8.415576081801659,11.632239197704621
Niger,2032,8.530930347318703,12.118922673054087
Niger,2033,8.484901628716706,12.118922673054087
Niger,2034,8.484901628716706,12.513611198074814
Niger,2035,8.646700125969186,13.504541719704434
Niger,2036,8.586460660813824,16.87338349731181
Niger,2037,8.99872560754326,17.638488944836503
Niger,2038,8.99872560754326,17.227021387179477
Niger,2039,8.94175208837133,17.227021387179477
Niger,2040,8.774136132990835,17.227021387179477
Nigeria,2030,3.925938414402647,7.425121387466056
Nigeria,2031,3.944674574246243,7.247429258502936
Nigeria,2032,4.040114145754003,7.247429258502936
Nigeria,2033,4.040114145754003,7.4504110718569345
Nigeria,2034,4.041786555366853,7.4504110718569345
Nigeria,2035,4.154452709470593,7.4504110718569345
Nigeria,2036,4.625944594148442,8.930007094458535
Nigeria,2037,5.394654062991031,9.116897681656646
Nigeria,2038,5.394654062991031,9.116897681656646
Nigeria,2039,5.394654062991031,9.608309400788372
Nigeria,2040,5.318586761742171,9.364152538656604
Norway,2030,6.627973140341825,14.222123868349467
Norway,2031,6.724240786478493,13.648757602516815
Norway,2032,6.656386910225719,13.648757602516815
Norway,2033,6.683763868876016,12.462197186170526
Norway,2034,6.66858654064678,12.278723668971763
Norway,2035,6.731536068701851,11.63393916902671
Norway,2036,6.739213681744006,9.999067574721172
Norway,2037,6.739213681744006,8.999216231828456
Norway,2038,6.590719554136772,8.999216231828456
Norway,2039,6.590719554136772,8.999216231828456
Norway,2040,6.590719554136772,8.999216231828456
Oman,2030,8.413691938127664,20.008814868808617
Oman,2031,8.14001145229356,19.516022612864408
Oman,2032,8.039508532845492,19.6172187581076
Oman,2033,8.004757599838829,19.664293180629652
Oman,2034,7.998898159991308,19.403913095946272
Oman,2035,8.008653424189498,19.534856720795823
Oman,2036,8.299679838518411,18.913095186538033
Oman,2037,8.671226498215795,19.59746689608554
Oman,2038,8.857883058700207,19.906838933381298
Oman,2039,8.857883058700207,19.761652746952272
Oman,2040,8.790122438868911,19.613888034544882
Pakistan,2030,8.318743757752735,13.676985704089297
Pakistan,2031,8.454267277005396,13.676985704089297
Pakistan,2032,8.398836451081367,13.201899731238619
Pakistan,2033,8.387000029197878,13.160810715119432
Pakistan,2034,8.390406292820073,13.016152419759656
Pakistan,2035,8.391956682316478,12.92970519635675
Pakistan,2036,8.334983163144548,13.048976330142072
Pakistan,2037,7.87510377093164,13.008333828463336
Pakistan,2038,7.70439355150327,12.924091059213536
Pakistan,2039,7.70439355150327,13.33426031755748
Pakistan,2040,7.825181157648926,13.33426031755748
Panama,2030,9.633663977183069,26.48204741968871
Panama,2031,9.688593928081492,27.595359281465118
Panama,2032,9.958732393205887,26.79998022898622
Panama,2033,9.397289524909224,26.71659895486218
Panama,2034,9.437701853372412,26.76893550806005
Panama,2035,9.42063829039834,26.67434854936508
Panama,2036,9.42063829039834,26.68982040324386
Panama,2037,9.386244216482861,25.584297266987452
Panama,2038,9.386244216482861,25.343876465558107
Panama,2039,9.322606434361608,24.80823719073944
Panama,2040,9.09668016008323,25.090097815553527
Paraguay,2030,9.233104649410981,19.233946311105775
Paraguay,2031,9.251513141415113,19.233946311105775
Paraguay,2032,9.251513141415113,19.233946311105775
Paraguay,2033,9.248419540493073,19.038062515495856
Paraguay,2034,9.185813164898496,18.950332441437478
Paraguay,2035,9.352369259254216,18.4792736119355
Paraguay,2036,9.604213667706873,18.345819840486058
Paraguay,2037,9.687253851689382,18.345819840486058
Paraguay,2038,9.631823025765355,18.345819840486058
Paraguay,2039,9.631823025765355,18.065900388334448
Paraguay,2040,10.399435894447233,16.744945284319687
Peru,2030,9.387772685736078,19.247130243842648
Peru,2031,9.412598646295013,19.304431137844134
Peru,2032,9.197374179631376,18.7029698461195
Peru,2033,9.215978299751663,19.81305468896982
Peru,2034,9.101329164089938,20.2374170332138
Peru,2035,9.101329164089938,20.2374170332138
Peru,2036,9.101329164089938,20.29868905142569
Peru,2037,9.05776428431751,19.213259675103917
Peru,2038,8.80627716342391,19.83878691607681
Peru,2039,8.80627716342391,20.680480466684816
Peru,2040,8.78226122692876,21.77071877029416
Philippines,2030,7.146249168229651,6.457467902875259
Philippines,2031,7.602956706407148,8.565306783840539
Philippines,2032,7.602956706407148,8.565306783840539
Philippines,2033,7.602956706407148,9.20556225360946
Philippines,2034,7.602956706407148,8.818155434507776
Philippines,2035,7.699860204482906,9.105354966719165
Philippines,2036,7.7637498324717225,5.5644828256283105
Philippines,2037,8.06804167269406,5.602086949154321
Philippines,2038,8.06804167269406,5.602086949154321
Philippines,2039,8.06804167269406,5.672507773985749
Philippines,2040,7.915209937469857,5.904064023693027
Poland,2030,7.795948948888266,20.609203427720054
Poland,2031,7.875163182791296,20.6537377935605
Poland,2032,8.123184696081612,20.680155824885748
Poland,2033,8.123184696081612,20.32619543522906
Poland,2034,8.123184696081612,20.32619543522906
Poland,2035,8.123184696081612,20.506559513301934
Poland,2036,8.126207143684905,20.32121979154477
Poland,2037,8.126207143684905,20.32121979154477
Poland,2038,8.126207143684905,19.74873758994692
Poland,2039,8.12108829518016,19.74873758994692
Poland,2040,8.12108829518016,19.74873758994692
Portugal,2030,8.06301884202655,12.611675111101516
Portugal,2031,8.07546798871379,12.760944771969248
Portugal,2032,8.042996406581594,11.98103251446507
Portugal,2033,8.264482425253304,13.005291936898145
Portugal,2034,8.307159198583538,12.953460715728244
Portugal,2035,8.768547789022893,13.644453124548836
Portugal,2036,9.151115859715427,13.644453124548836
Portugal,2037,9.157975275220105,13.872631308317494
Portugal,2038,9.125027561427673,14.048691360496845
Portugal,2039,8.961592414673047,18.29798621424324
Portugal,2040,8.961592414673047,17.986604368742903
Romania,2030,8.411685115802513,17.57725591624889
Romania,2031,8.411685115802513,17.62731157145522
Romania,2032,8.411685115802513,16.438831079221426
Romania,2033,8.724987053477253,16.224843988804754
Romania,2034,8.724987053477253,16.25519453124708
Romania,2035,8.73475502119972,16.53029350814625
Romania,2036,8.73475502119972,16.53029350814625
Romania,2037,8.73475502119972,16.590197165265977
Romania,2038,8.700241256150285,16.743824416684966
Romania,2039,8.700241256150285,16.743824416684966
Romania,2040,8.718682154941382,16.743824416684966
Rwanda,2030,4.205863140167153,11.944401176169084
Rwanda,2031,4.1552094581276515,14.3424583325809
Rwanda,2032,3.403369836920014,15.368154025423205
Rwanda,2033,3.7142184871648594,16.156551000750365
Rwanda,2034,3.5466025317843637,16.201501944115396
Rwanda,2035,3.5354757683378795,13.788068951947375
Rwanda,2036,3.5354757683378795,13.897752561901838
Rwanda,2037,3.537973504238135,13.897752561901838
Rwanda,2038,3.614162922379742,13.897752561901838
Rwanda,2039,3.6790965828207405,13.897752561901838
Rwanda,2040,3.863522665022558,13.708318406647562
Saint Kitts and Nevis,2030,10.351718249762904,27.586273925822958
Saint Kitts and Nevis,2031,10.239291576681108,27.586273925822958
Saint Kitts and Nevis,2032,10.239291576681108,27.586273925822958
Saint Kitts and Nevis,2033,9.97958342873174,27.586273925822958
Saint Kitts and Nevis,2034,9.8941969023329,25.732125397872544
Saint Kitts and Nevis,2035,9.883235522140495,25.732125397872544
Saint Kitts and Nevis,2036,9.75899519617116,25.732125397872544
Saint Kitts and Nevis,2037,9.74453260099612,25.802546222703974
Saint Kitts and Nevis,2038,9.74453260099612,26.24528454662097
Saint Kitts and Nevis,2039,9.74453260099612,26.24528454662097
Saint Kitts and Nevis,2040,10.163031142941024,26.48119194969315
Saint Lucia,2030,11.69829390104524,29.490132623966257
Saint Lucia,2031,11.61583415728429,27.5656379439272
Saint Lucia,2032,11.361884481956835,26.801560513380775
Saint Lucia,2033,11.286230006609738,26.443127034079836
Saint Lucia,2034,10.889003376956408,26.027128767988913
Saint Lucia,2035,10.814320581035645,25.552398781604793
Saint Lucia,2036,10.92476990227458,23.7371963407682
Saint Lucia,2037,10.761189984272857,23.697979351738827
Saint Lucia,2038,10.761189984272857,23.573215741914428
Saint Lucia,2039,10.761189984272857,23.4783535122881
Saint Lucia,2040,10.556974238194819,25.75982416004132
Saint Vincent and the Grenadines,2030,9.542011016480647,23.279879212305577
Saint Vincent and the Grenadines,2031,9.542011016480647,23.066923690382247
Saint Vincent and the Grenadines,2032,9.616216160762955,23.458218728125782
Saint Vincent and the Grenadines,2033,9.54942168496555,24.020963592367078
Saint Vincent and the Grenadines,2034,9.54942168496555,24.020963592367078
Saint Vincent and the Grenadines,2035,9.638526744359696,24.020963592367078
Saint Vincent and the Grenadines,2036,9.638526744359696,23.197586299244783
Saint Vincent and the Grenadines,2037,9.594304415402805,23.097665986619916
Saint Vincent and the Grenadines,2038,10.11575765013401,22.598629311381394
Saint Vincent and the Grenadines,2039,10.012461013675189,22.598629311381394
Saint Vincent and the Grenadines,2040,9.990178776311865,20.36495635746522
Samoa,2030,15.758199907245476,31.12503746580084
Samoa,2031,15.758199907245476,30.823846080078358
Samoa,2032,15.33098951969829,30.823846080078358
Samoa,2033,15.33098951969829,30.823846080078358
Samoa,2034,15.33098951969829,30.823846080078358
Samoa,2035,15.33098951969829,30.823846080078358
Samoa,2036,15.302804663619701,30.10585326481954
Samoa,2037,15.303397221454848,30.1581466159836
Samoa,2038,15.28517839988893,30.1581466159836
Samoa,2039,15.28517839988893,28.86627831511684
Samoa,2040,15.28517839988893,28.86627831511684
Sao Tome and Principe,2030,6.222491072454294,10.742696320604624
Sao Tome and Principe,2031,6.425688672236166,10.939734926813282
Sao Tome and Principe,2032,6.476995526520632,11.524491460821585
Sao Tome and Principe,2033,6.632287238046398,11.617479279836411
Sao Tome and Principe,2034,6.679890167086223,11.781252666710829
Sao Tome and Principe,2035,6.694553333118901,12.650728019959333
Sao Tome and Principe,2036,6.694553333118901,12.576861335456247
Sao Tome and Principe,2037,6.694553333118901,12.846654051677982
Sao Tome and Principe,2038,6.66780347226896,12.846654051677982
Sao Tome and Principe,2039,6.589467591836346,11.719736630806226
Sao Tome and Principe,2040,6.6123537004388355,11.719736630806226
Saudi Arabia,2030,13.028768928010324,36.709683237211586
Saudi Arabia,2031,13.028768928010324,36.27820927917979
Saudi Arabia,2032,13.068773679056363,36.27820927917979
Saudi Arabia,2033,13.074319527045487,35.63342477923474
Saudi Arabia,2034,13.064404251588568,35.620405008169314
Saudi Arabia,2035,12.954396628964346,34.567320192626305
Saudi Arabia,2036,12.922373069781298,34.567320192626305
Saudi Arabia,2037,12.889297376787502,34.98342066277377
Saudi Arabia,2038,12.971695187470685,34.98342066277377
Saudi Arabia,2039,12.987884488956603,34.66218224578214
Saudi Arabia,2040,11.502507173827315,34.547818550914805
Senegal,2030,12.050008724124442,17.750888303562984
Senegal,2031,12.87973682272365,17.373473462533514
Senegal,2032,13.467990733391735,17.20909127036679
Senegal,2033,13.528378689660729,17.22739643838205
Senegal,2034,13.528378689660729,19.818022242527828
Senegal,2035,13.492516041127802,21.811631546813988
Senegal,2036,13.041744844185263,28.043473873205976
Senegal,2037,13.039433462458332,28.082838322528197
Senegal,2038,13.039433462458332,27.94170834292377
Senegal,2039,12.867287560944128,27.60855600045313
Senegal,2040,12.611592690571259,29.269546601989337
Serbia,2030,9.052167502642826,17.393405105682266
Serbia,2031,9.613283770873638,17.263950020837814
Serbia,2032,9.697031740389999,18.06142998201525
Serbia,2033,9.985712741052012,18.592460223001083
Serbia,2034,9.955438261994745,19.100554560980385
Serbia,2035,10.003982322754219,19.564548342787962
Serbia,2036,9.781570910003321,19.564548342787962
Serbia,2037,9.781570910003321,19.564548342787962
Serbia,2038,9.781570910003321,19.53740261383155
Serbia,2039,9.737829379848204,19.146107576088017
Serbia,2040,9.737829379848204,19.049781658953044
Sierra Leone,2030,7.35501470513767,6.757521856739426
Sierra Leone,2031,7.422760906761186,6.5595721450752045
Sierra Leone,2032,7.422760906761186,6.283619646716929
Sierra Leone,2033,7.378012498357157,6.283619646716929
Sierra Leone,2034,7.363334991396177,6.283619646716929
Sierra Leone,2035,7.651672315659481,6.0927139466376845
Sierra Leone,2036,7.614381624458697,5.617390125601798
Sierra Leone,2037,7.54083607302982,5.617390125601798
Sierra Leone,2038,7.749900831561924,5.736691882086635
Sierra Leone,2039,7.635981145157174,5.736691882086635
Sierra Leone,2040,7.527569769529325,5.980794305284559
Slovakia,2030,9.308863139945068,27.22495638530041
Slovakia,2031,9.187087307651717,27.22495638530041
Slovakia,2032,8.89748728789763,27.626661937805725
Slovakia,2033,10.452770807555842,28.332916035490207
Slovakia,2034,15.040533735516876,27.940581232151033
Slovakia,2035,15.141612103828852,28.478152643811264
Slovakia,2036,15.334614490668818,28.269722729535594
Slovakia,2037,15.419825321723721,28.303813153194298
Slovakia,2038,15.270887748424023,26.19631729332637
Slovakia,2039,16.011156353580066,26.660685161722423
Slovakia,2040,16.305593557240663,27.080723432514702
Slovenia,2030,11.057107751561261,20.96244558629675
Slovenia,2031,11.11984493771273,21.158473193263674
Slovenia,2032,11.093206867523334,23.07722649692786
Slovenia,2033,10.815824562662689,22.86739669890335
Slovenia,2034,10.755133772274975,22.87336236992535
Slovenia,2035,10.755133772274975,22.87336236992535
Slovenia,2036,10.719520118628925,22.87336236992535
Slovenia,2037,10.68500635357949,23.028673227810025
Slovenia,2038,10.68500635357949,23.391900799146335
Slovenia,2039,10.694148559301322,23.64507713994345
Slovenia,2040,10.24480303172731,23.127554374038915
Solomon Islands,2030,5.944585679842403,7.694315084107692
Solomon Islands,2031,5.922076733506448,7.694315084107692
Solomon Islands,2032,5.922076733506448,7.694315084107692
Solomon Islands,2033,5.906824155557417,7.694315084107692
Solomon Islands,2034,5.906824155557417,7.694315084107692
Solomon Islands,2035,5.871044805718334,7.614884509503137
Solomon Islands,2036,5.871044805718334,6.568643071150909
Solomon Islands,2037,5.4763388919322455,6.206277850353996
Solomon Islands,2038,5.4763388919322455,5.9815270774505285
Solomon Islands,2039,5.4763388919322455,6.914062421952991
Solomon Islands,2040,5.4763388919322455,6.914062421952991
South Africa,2030,10.313198604895017,21.747407567623387
South Africa,2031,10.313198604895017,22.014974243230462
South Africa,2032,10.455467874814627,22.676199172039645
South Africa,2033,10.4084242656547,22.676199172039645
South Africa,2034,10.374929803512082,23.562385412365543
South Africa,2035,10.431971711873064,23.562385412365543
South Africa,2036,10.467046178982162,23.884990842301708
South Africa,2037,10.396644694964492,23.89872307933163
South Africa,2038,10.479533236375751,23.89872307933163
South Africa,2039,10.479533236375751,24.02874314980594
South Africa,2040,10.479533236375751,23.98899408330837
Spain,2030,11.28191553444068,23.424080096790906
Spain,2031,11.453504359943356,24.225068777480704
Spain,2032,11.46763389527412,23.254845815446608
Spain,2033,11.629688196543162,21.725223820911747
Spain,2034,11.629688196543162,21.620195240338493
Spain,2035,11.81411539756652,21.183724159620663
Spain,2036,11.81411539756652,21.251008090175834
Spain,2037,11.379875488195491,21.232920687788596
Spain,2038,11.208030056208019,21.267845869681267
Spain,2039,11.208030056208019,21.267845869681267
Spain,2040,11.46930883709629,20.720505003449105
Sri Lanka,2030,11.429271358767277,14.234732185112266
Sri Lanka,2031,11.241440126917583,14.727350060002555
Sri Lanka,2032,11.121971368926589,12.926836269602653
Sri Lanka,2033,11.121971368926589,15.915245749884365
Sri Lanka,2034,11.121971368926589,15.915245749884365
Sri Lanka,2035,10.873387527763603,15.831924979183743
Sri Lanka,2036,10.873387527763603,15.763062923312015
Sri Lanka,2037,11.111998866620105,15.687783022253875
Sri Lanka,2038,10.981912493376846,15.687783022253875
Sri Lanka,2039,10.981912493376846,15.79865413193256
Sri Lanka,2040,11.014563882638004,15.74142162299853
Suriname,2030,11.018195190192536,25.80428420258997
Suriname,2031,11.065076307700535,25.339970227402574
Suriname,2032,11.465418657871368,24.382847591505346
Suriname,2033,11.465418657871368,24.017494562848647
Suriname,2034,11.465418657871368,24.017494562848647
Suriname,2035,11.359553289774569,24.213777861559645
Suriname,2036,11.332844576604836,23.09286013841651
Suriname,2037,11.27325853541717,22.899154691081872
Suriname,2038,11.304233317211262,22.899154691081872
Suriname,2039,11.304233317211262,22.899154691081872
Suriname,2040,11.058092476853183,22.899154691081872
Sweden,2030,8.031541842725204,18.760794888901057
Sweden,2031,7.943043737760497,21.32941177633369
Sweden,2032,8.212165955790834,20.9607570808725
Sweden,2033,8.14981942716967,21.145905521360852
Sweden,2034,7.6370314773425445,20.866790335353393
Sweden,2035,7.6370314773425445,20.218182037295925
Sweden,2036,7.700721711662083,19.6357448756583
Sweden,2037,7.700721711662083,19.355829271200903
Sweden,2038,7.700721711662083,19.15976129313921
Sweden,2039,7.744188423583274,19.060773887869026
Sweden,2040,7.744188423583274,19.060773887869026
Switzerland,2030,7.164962537270275,20.89213838485985
Switzerland,2031,7.164962537270275,20.89213838485985
Switzerland,2032,7.161685707263763,20.89213838485985
Switzerland,2033,7.161685707263763,20.89213838485985
Switzerland,2034,7.161685707263763,21.022306707032786
Switzerland,2035,7.161685707263763,21.022306707032786
Switzerland,2036,7.161685707263763,20.14643557196851
Switzerland,2037,7.210192962920859,20.56226446995775
Switzerland,2038,7.220280432029852,21.016502146003667
Switzerland,2039,7.220280432029852,21.830170182992102
Switzerland,2040,7.220280432029852,21.830170182992102
Tajikistan,2030,9.127478827392602,18.00564415688828
Tajikistan,2031,10.030376053235258,17.81121156145683
Tajikistan,2032,10.370533869039972,17.830012671454742
Tajikistan,2033,10.370533869039972,21.55538349388909
Tajikistan,2034,10.370533869039972,24.34318810040899
Tajikistan,2035,10.393042815375926,25.69066680074838
Tajikistan,2036,10.622633389276979,25.859295890149877
Tajikistan,2037,10.78611939247199,25.63301122267711
Tajikistan,2038,10.592183699664828,25.982473299777507
Tajikistan,2039,10.870633861089468,26.108108481841146
Tajikistan,2040,11.168346538039726,25.711217167523994
Thailand,2030,10.421086839348645,23.177533601607234
Thailand,2031,10.436869159799759,22.950649247233407
Thailand,2032,10.284037424575558,22.99177908344074
Thailand,2033,10.3733894179226,22.470862889761012
Thailand,2034,10.480650555009975,22.1750206681665
Thailand,2035,10.480650555009975,22.92204625579514
Thailand,2036,10.480650555009975,22.788133668632288
Thailand,2037,10.400488166208154,22.788133668632288
Thailand,2038,10.395315026890156,23.947703900693252
Thailand,2039,10.468676665854005,23.947703900693252
Thailand,2040,10.508245467034431,23.947703900693252
Togo,2030,6.133253458346303,17.802798543331004
Togo,2031,6.0402299250233495,18.390840706341454
Togo,2032,8.672468553848077,19.84408730229624
Togo,2033,9.18209999730927,21.42139803644401
Togo,2034,9.530159840157188,24.032786435207992
Togo,2035,9.647268259060915,26.668292398558894
Togo,2036,9.647268259060915,26.616048180998348
Togo,2037,9.647268259060915,26.13425693512234
Togo,2038,10.060649318600909,25.83098925650722
Togo,2039,10.30125430105419,25.617456928308577
Togo,2040,10.42787128040052,24.475336340592612
Trinidad and Tobago,2030,10.960967506228885,27.25329121773863
Trinidad and Tobago,2031,10.89644147344078,27.437580954815232
Trinidad and Tobago,2032,10.89644147344078,27.303988347091682
Trinidad and Tobago,2033,10.675040537826531,25.496136010535164
Trinidad and Tobago,2034,10.731940131079977,24.493803128268237
Trinidad and Tobago,2035,10.588505504116652,23.924297917773963
Trinidad and Tobago,2036,11.131131718724964,23.666787345743654
Trinidad and Tobago,2037,11.2668231160284,23.380979811018886
Trinidad and Tobago,2038,11.313866725188326,23.008429687186073
Trinidad and Tobago,2039,11.291584487825002,22.294649767922674
Trinidad and Tobago,2040,11.291584487825002,21.240979997977647
Tunisia,2030,10.299220049150206,23.242909801072503
Tunisia,2031,10.299220049150206,23.11101079838033
Tunisia,2032,10.299220049150206,23.11101079838033
Tunisia,2033,10.341393696723099,23.11101079838033
Tunisia,2034,10.341393696723099,23.11101079838033
Tunisia,2035,10.341393696723099,23.10464998428967
Tunisia,2036,10.341393696723099,23.10464998428967
Tunisia,2037,10.224967660522786,23.10464998428967
Tunisia,2038,10.224967660522786,23.243398661148184
Tunisia,2039,10.224967660522786,23.243398661148184
Tunisia,2040,9.696807864189479,24.275700431039336
Turkmenistan,2030,10.885638460910746,18.151711906795242
Turkmenistan,2031,10.885638460910746,18.151711906795242
Turkmenistan,2032,10.885638460910746,15.823876194280082
Turkmenistan,2033,10.85254422347631,15.26299503902877
Turkmenistan,2034,10.808802693321192,15.148980103858781
Turkmenistan,2035,10.89345538142496,15.148980103858781
Turkmenistan,2036,10.941220642278003,15.434894189575042
Turkmenistan,2037,11.048463721946938,15.878455951159244
Turkmenistan,2038,11.131194427389223,16.081755555566303
Turkmenistan,2039,11.131194427389223,16.78326464859576
Turkmenistan,2040,11.131194427389223,16.878525037244742
Uganda,2030,6.27369918460348,7.346555317173193
Uganda,2031,6.27369918460348,7.346555317173193
Uganda,2032,6.27369918460348,8.467520494612137
Uganda,2033,6.27369918460348,7.648962036572619
Uganda,2034,6.27369918460348,7.648962036572619
Uganda,2035,6.27369918460348,10.612440921017962
Uganda,2036,6.127966917148401,10.612440921017962
Uganda,2037,6.127966917148401,10.612440921017962
Uganda,2038,6.103388229994531,12.639902189214256
Uganda,2039,6.103388229994531,12.639902189214256
Uganda,2040,6.103388229994531,12.495551294202393
Ukraine,2030,9.560302656390059,23.331331754148316
Ukraine,2031,9.582722062043334,23.55746436737908
Ukraine,2032,9.579162810434221,23.55746436737908
Ukraine,2033,9.596101261789071,23.722485027335118
Ukraine,2034,9.619406663158713,26.532980331467837
Ukraine,2035,9.61941474759482,27.630626360626135
Ukraine,2036,9.61941474759482,27.485510606109614
Ukraine,2037,9.546171073867153,27.547118461149083
Ukraine,2038,10.320901175253478,34.19867519238678
Ukraine,2039,10.518807974796518,34.14257283634915
Ukraine,2040,10.518807974796518,34.85240274645405
Uruguay,2030,9.511404624647188,23.461938955827343
Uruguay,2031,9.511404624647188,23.976913414718553
Uruguay,2032,9.486732659286623,23.843320806995003
Uruguay,2033,9.414613143152918,23.825096489299796
Uruguay,2034,9.41763559075621,24.452617329610003
Uruguay,2035,9.294086050711826,24.402311185406262
Uruguay,2036,9.294086050711826,24.402311185406262
Uruguay,2037,9.28456023034912,24.2169714636491
Uruguay,2038,9.364060720457907,24.2169714636491
Uruguay,2039,9.03169128475422,24.2169714636491
Uruguay,2040,9.03169128475422,24.2169714636491
Uzbekistan,2030,8.951460796843865,17.792770727422095
Uzbekistan,2031,9.160525555375969,17.792770727422095
Uzbekistan,2032,9.341635402776456,17.792770727422095
Uzbekistan,2033,9.261391344937559,17.829515907373466
Uzbekistan,2034,9.187256891937569,17.784736618982183
Uzbekistan,2035,9.176256643357485,18.794542791189965
Uzbekistan,2036,9.045682523494943,16.538764889130974
Uzbekistan,2037,8.899527607904732,16.538764889130974
Uzbekistan,2038,8.880306729719484,16.303626334307214
Uzbekistan,2039,8.880306729719484,16.303626334307214
Uzbekistan,2040,8.731306821247482,16.303626334307214
Vanuatu,2030,21.270149995947524,51.628536158453905
Vanuatu,2031,21.328654513351143,51.66711318120688
Vanuatu,2032,21.351273874909673,50.3591868017375
Vanuatu,2033,21.42463551387352,51.28250130075851
Vanuatu,2034,21.42463551387352,51.35321174533614
Vanuatu,2035,21.42463551387352,51.750148376607804
Vanuatu,2036,20.343783635086183,49.26957700289009
Vanuatu,2037,20.476884021620105,48.21809168020827
Vanuatu,2038,20.476884021620105,46.09525369618959
Vanuatu,2039,20.44246313780033,46.09525369618959
Vanuatu,2040,19.61915249511545,45.794901320426526
Yemen,2030,9.088533708083133,14.002685617399846
Yemen,2031,9.054696787751658,14.002685617399846
Yemen,2032,9.054696787751658,13.476641703550735
Yemen,2033,9.078268231049865,13.858520487402885
Yemen,2034,9.049136556673304,13.78208562250535
Yemen,2035,9.050305695448646,13.78208562250535
Yemen,2036,9.213453619753462,13.78208562250535
Yemen,2037,9.205836851517239,13.858211106306106
Yemen,2038,9.220091661935811,14.734032990166781
Yemen,2039,9.275209357929505,14.636452867699852
Yemen,2040,9.275209357929505,14.726431557839467
Zambia,2030,5.622098986669969,14.412792622052487
Zambia,2031,5.56512546749804,14.332047192877953
Zambia,2032,5.56512546749804,14.233707034431525
Zambia,2033,5.60145817248403,14.233707034431525
Zambia,2034,5.602514681884961,14.233707034431525
Zambia,2035,5.539291756209918,14.233707034431525
Zambia,2036,5.539291756209918,14.306270877501698
Zambia,2037,5.677729347867707,13.888981497819756
Zambia,2038,5.677729347867707,13.941848978247894
Zambia,2039,5.702052163396019,13.941848978247894
Zambia,2040,5.920364701776426,16.851158280988805
Zimbabwe,2030,7.871331143149003,12.338586693770683
Zimbabwe,2031,7.885994309181681,10.969998357114257
Zimbabwe,2032,7.869589840722173,11.831633526228096
Zimbabwe,2033,8.121594960377958,12.010578329377429
Zimbabwe,2034,8.165177802378178,12.198432297266324
Zimbabwe,2035,8.241113276147326,12.198432297266324
Zimbabwe,2036,8.241113276147326,12.198432297266324
Zimbabwe,2037,8.376324202249991,13.139837904517027
Zimbabwe,2038,8.208180652687965,12.251817161988317
Zimbabwe,2039,8.208180652687965,13.310294636330081
Zimbabwe,2040,8.231752095986172,14.607007675314783
